#TYPE System.Diagnostics.Eventing.Reader.EventLogRecord
"Message","Id","Version","Qualifiers","Level","Task","Opcode","Keywords","RecordId","ProviderName","ProviderId","LogName","ProcessId","ThreadId","MachineName","UserId","TimeCreated","ActivityId","RelatedActivityId","ContainerLog","MatchedQueryIds","Bookmark","LevelDisplayName","OpcodeDisplayName","TaskDisplayName","KeywordsDisplayNames","Properties"
"The Fault Tolerant Heap service stopped.","1002","0",,"4","1","12","4611686018695823360","114","Microsoft-Windows-Fault-Tolerant-Heap","6b93bf66-a922-4c11-a617-cf60d95c133d","Microsoft-Windows-Fault-Tolerant-Heap/Operational","1528","2588","rjaf-PC4429","S-1-5-19","10/17/2015 11:36:41 PM",,,"c:\users\mac_1\desktop\winevt\logs\microsoft-windows-fault-tolerant-heap%4operational.evtx","System.UInt32[]","System.Diagnostics.Eventing.Reader.EventBookmark","Information","Events logged when the FTH (fault tolerant heap) service is stopped.","Lifecycle Events","System.Collections.ObjectModel.ReadOnlyCollection`1[System.String]","System.Collections.Generic.List`1[System.Diagnostics.Eventing.Reader.EventProperty]"
"The Fault Tolerant Heap service started.","1001","0",,"4","1","11","4611686018695823360","113","Microsoft-Windows-Fault-Tolerant-Heap","6b93bf66-a922-4c11-a617-cf60d95c133d","Microsoft-Windows-Fault-Tolerant-Heap/Operational","1528","2716","rjaf-PC4429","S-1-5-19","9/10/2015 9:21:31 AM",,,"c:\users\mac_1\desktop\winevt\logs\microsoft-windows-fault-tolerant-heap%4operational.evtx","System.UInt32[]","System.Diagnostics.Eventing.Reader.EventBookmark","Information","Events logged when the FTH (fault tolerant heap) service is started.","Lifecycle Events","System.Collections.ObjectModel.ReadOnlyCollection`1[System.String]","System.Collections.Generic.List`1[System.Diagnostics.Eventing.Reader.EventProperty]"
"The Fault Tolerant Heap service stopped.","1002","0",,"4","1","12","4611686018695823360","112","Microsoft-Windows-Fault-Tolerant-Heap","6b93bf66-a922-4c11-a617-cf60d95c133d","Microsoft-Windows-Fault-Tolerant-Heap/Operational","1520","5968","rjaf-PC4429","S-1-5-19","9/7/2015 5:18:31 AM",,,"c:\users\mac_1\desktop\winevt\logs\microsoft-windows-fault-tolerant-heap%4operational.evtx","System.UInt32[]","System.Diagnostics.Eventing.Reader.EventBookmark","Information","Events logged when the FTH (fault tolerant heap) service is stopped.","Lifecycle Events","System.Collections.ObjectModel.ReadOnlyCollection`1[System.String]","System.Collections.Generic.List`1[System.Diagnostics.Eventing.Reader.EventProperty]"
"The Fault Tolerant Heap service started.","1001","0",,"4","1","11","4611686018695823360","111","Microsoft-Windows-Fault-Tolerant-Heap","6b93bf66-a922-4c11-a617-cf60d95c133d","Microsoft-Windows-Fault-Tolerant-Heap/Operational","1520","4772","rjaf-PC4429","S-1-5-19","9/3/2015 4:56:08 PM",,,"c:\users\mac_1\desktop\winevt\logs\microsoft-windows-fault-tolerant-heap%4operational.evtx","System.UInt32[]","System.Diagnostics.Eventing.Reader.EventBookmark","Information","Events logged when the FTH (fault tolerant heap) service is started.","Lifecycle Events","System.Collections.ObjectModel.ReadOnlyCollection`1[System.String]","System.Collections.Generic.List`1[System.Diagnostics.Eventing.Reader.EventProperty]"
"The Fault Tolerant Heap service started.","1001","0",,"4","1","11","4611686018695823360","110","Microsoft-Windows-Fault-Tolerant-Heap","6b93bf66-a922-4c11-a617-cf60d95c133d","Microsoft-Windows-Fault-Tolerant-Heap/Operational","1584","5760","rjaf-PC4429","S-1-5-19","8/24/2015 4:50:10 AM",,,"c:\users\mac_1\desktop\winevt\logs\microsoft-windows-fault-tolerant-heap%4operational.evtx","System.UInt32[]","System.Diagnostics.Eventing.Reader.EventBookmark","Information","Events logged when the FTH (fault tolerant heap) service is started.","Lifecycle Events","System.Collections.ObjectModel.ReadOnlyCollection`1[System.String]","System.Collections.Generic.List`1[System.Diagnostics.Eventing.Reader.EventProperty]"
"The Fault Tolerant Heap service stopped.","1002","0",,"4","1","12","4611686018695823360","109","Microsoft-Windows-Fault-Tolerant-Heap","6b93bf66-a922-4c11-a617-cf60d95c133d","Microsoft-Windows-Fault-Tolerant-Heap/Operational","1516","4596","rjaf-PC4429","S-1-5-19","8/13/2015 5:47:45 AM",,,"c:\users\mac_1\desktop\winevt\logs\microsoft-windows-fault-tolerant-heap%4operational.evtx","System.UInt32[]","System.Diagnostics.Eventing.Reader.EventBookmark","Information","Events logged when the FTH (fault tolerant heap) service is stopped.","Lifecycle Events","System.Collections.ObjectModel.ReadOnlyCollection`1[System.String]","System.Collections.Generic.List`1[System.Diagnostics.Eventing.Reader.EventProperty]"
"The Fault Tolerant Heap service started.","1001","0",,"4","1","11","4611686018695823360","108","Microsoft-Windows-Fault-Tolerant-Heap","6b93bf66-a922-4c11-a617-cf60d95c133d","Microsoft-Windows-Fault-Tolerant-Heap/Operational","1516","4404","rjaf-PC4429","S-1-5-19","8/13/2015 1:53:28 AM",,,"c:\users\mac_1\desktop\winevt\logs\microsoft-windows-fault-tolerant-heap%4operational.evtx","System.UInt32[]","System.Diagnostics.Eventing.Reader.EventBookmark","Information","Events logged when the FTH (fault tolerant heap) service is started.","Lifecycle Events","System.Collections.ObjectModel.ReadOnlyCollection`1[System.String]","System.Collections.Generic.List`1[System.Diagnostics.Eventing.Reader.EventProperty]"
"The Fault Tolerant Heap service stopped.","1002","0",,"4","1","12","4611686018695823360","107","Microsoft-Windows-Fault-Tolerant-Heap","6b93bf66-a922-4c11-a617-cf60d95c133d","Microsoft-Windows-Fault-Tolerant-Heap/Operational","1404","5752","rjaf-PC4429","S-1-5-19","7/30/2015 5:28:04 AM",,,"c:\users\mac_1\desktop\winevt\logs\microsoft-windows-fault-tolerant-heap%4operational.evtx","System.UInt32[]","System.Diagnostics.Eventing.Reader.EventBookmark","Information","Events logged when the FTH (fault tolerant heap) service is stopped.","Lifecycle Events","System.Collections.ObjectModel.ReadOnlyCollection`1[System.String]","System.Collections.Generic.List`1[System.Diagnostics.Eventing.Reader.EventProperty]"
"The Fault Tolerant Heap service started.","1001","0",,"4","1","11","4611686018695823360","106","Microsoft-Windows-Fault-Tolerant-Heap","6b93bf66-a922-4c11-a617-cf60d95c133d","Microsoft-Windows-Fault-Tolerant-Heap/Operational","1404","3740","rjaf-PC4429","S-1-5-19","7/27/2015 4:54:49 AM",,,"c:\users\mac_1\desktop\winevt\logs\microsoft-windows-fault-tolerant-heap%4operational.evtx","System.UInt32[]","System.Diagnostics.Eventing.Reader.EventBookmark","Information","Events logged when the FTH (fault tolerant heap) service is started.","Lifecycle Events","System.Collections.ObjectModel.ReadOnlyCollection`1[System.String]","System.Collections.Generic.List`1[System.Diagnostics.Eventing.Reader.EventProperty]"
"The Fault Tolerant Heap service stopped.","1002","0",,"4","1","12","4611686018695823360","105","Microsoft-Windows-Fault-Tolerant-Heap","6b93bf66-a922-4c11-a617-cf60d95c133d","Microsoft-Windows-Fault-Tolerant-Heap/Operational","1560","2680","rjaf-PC4429","S-1-5-19","6/30/2015 3:39:51 AM",,,"c:\users\mac_1\desktop\winevt\logs\microsoft-windows-fault-tolerant-heap%4operational.evtx","System.UInt32[]","System.Diagnostics.Eventing.Reader.EventBookmark","Information","Events logged when the FTH (fault tolerant heap) service is stopped.","Lifecycle Events","System.Collections.ObjectModel.ReadOnlyCollection`1[System.String]","System.Collections.Generic.List`1[System.Diagnostics.Eventing.Reader.EventProperty]"
"The Fault Tolerant Heap service started.","1001","0",,"4","1","11","4611686018695823360","104","Microsoft-Windows-Fault-Tolerant-Heap","6b93bf66-a922-4c11-a617-cf60d95c133d","Microsoft-Windows-Fault-Tolerant-Heap/Operational","1560","4156","rjaf-PC4429","S-1-5-19","6/28/2015 2:01:52 PM",,,"c:\users\mac_1\desktop\winevt\logs\microsoft-windows-fault-tolerant-heap%4operational.evtx","System.UInt32[]","System.Diagnostics.Eventing.Reader.EventBookmark","Information","Events logged when the FTH (fault tolerant heap) service is started.","Lifecycle Events","System.Collections.ObjectModel.ReadOnlyCollection`1[System.String]","System.Collections.Generic.List`1[System.Diagnostics.Eventing.Reader.EventProperty]"
"The Fault Tolerant Heap service stopped.","1002","0",,"4","1","12","4611686018695823360","103","Microsoft-Windows-Fault-Tolerant-Heap","6b93bf66-a922-4c11-a617-cf60d95c133d","Microsoft-Windows-Fault-Tolerant-Heap/Operational","1540","188","rjaf-PC4429","S-1-5-19","6/28/2015 1:26:57 PM",,,"c:\users\mac_1\desktop\winevt\logs\microsoft-windows-fault-tolerant-heap%4operational.evtx","System.UInt32[]","System.Diagnostics.Eventing.Reader.EventBookmark","Information","Events logged when the FTH (fault tolerant heap) service is stopped.","Lifecycle Events","System.Collections.ObjectModel.ReadOnlyCollection`1[System.String]","System.Collections.Generic.List`1[System.Diagnostics.Eventing.Reader.EventProperty]"
"The Fault Tolerant Heap service started.","1001","0",,"4","1","11","4611686018695823360","102","Microsoft-Windows-Fault-Tolerant-Heap","6b93bf66-a922-4c11-a617-cf60d95c133d","Microsoft-Windows-Fault-Tolerant-Heap/Operational","1540","1572","rjaf-PC4429","S-1-5-19","6/28/2015 2:29:57 AM",,,"c:\users\mac_1\desktop\winevt\logs\microsoft-windows-fault-tolerant-heap%4operational.evtx","System.UInt32[]","System.Diagnostics.Eventing.Reader.EventBookmark","Information","Events logged when the FTH (fault tolerant heap) service is started.","Lifecycle Events","System.Collections.ObjectModel.ReadOnlyCollection`1[System.String]","System.Collections.Generic.List`1[System.Diagnostics.Eventing.Reader.EventProperty]"
"The Fault Tolerant Heap service stopped.","1002","0",,"4","1","12","4611686018695823360","101","Microsoft-Windows-Fault-Tolerant-Heap","6b93bf66-a922-4c11-a617-cf60d95c133d","Microsoft-Windows-Fault-Tolerant-Heap/Operational","1496","6064","rjaf-PC4429","S-1-5-19","6/25/2015 1:53:19 PM",,,"c:\users\mac_1\desktop\winevt\logs\microsoft-windows-fault-tolerant-heap%4operational.evtx","System.UInt32[]","System.Diagnostics.Eventing.Reader.EventBookmark","Information","Events logged when the FTH (fault tolerant heap) service is stopped.","Lifecycle Events","System.Collections.ObjectModel.ReadOnlyCollection`1[System.String]","System.Collections.Generic.List`1[System.Diagnostics.Eventing.Reader.EventProperty]"
"The Fault Tolerant Heap service started.","1001","0",,"4","1","11","4611686018695823360","100","Microsoft-Windows-Fault-Tolerant-Heap","6b93bf66-a922-4c11-a617-cf60d95c133d","Microsoft-Windows-Fault-Tolerant-Heap/Operational","1496","3720","rjaf-PC4429","S-1-5-19","6/25/2015 11:13:16 AM",,,"c:\users\mac_1\desktop\winevt\logs\microsoft-windows-fault-tolerant-heap%4operational.evtx","System.UInt32[]","System.Diagnostics.Eventing.Reader.EventBookmark","Information","Events logged when the FTH (fault tolerant heap) service is started.","Lifecycle Events","System.Collections.ObjectModel.ReadOnlyCollection`1[System.String]","System.Collections.Generic.List`1[System.Diagnostics.Eventing.Reader.EventProperty]"
"The Fault Tolerant Heap service stopped.","1002","0",,"4","1","12","4611686018695823360","99","Microsoft-Windows-Fault-Tolerant-Heap","6b93bf66-a922-4c11-a617-cf60d95c133d","Microsoft-Windows-Fault-Tolerant-Heap/Operational","1508","3532","rjaf-PC4429","S-1-5-19","6/25/2015 4:59:45 AM",,,"c:\users\mac_1\desktop\winevt\logs\microsoft-windows-fault-tolerant-heap%4operational.evtx","System.UInt32[]","System.Diagnostics.Eventing.Reader.EventBookmark","Information","Events logged when the FTH (fault tolerant heap) service is stopped.","Lifecycle Events","System.Collections.ObjectModel.ReadOnlyCollection`1[System.String]","System.Collections.Generic.List`1[System.Diagnostics.Eventing.Reader.EventProperty]"
"The Fault Tolerant Heap service started.","1001","0",,"4","1","11","4611686018695823360","98","Microsoft-Windows-Fault-Tolerant-Heap","6b93bf66-a922-4c11-a617-cf60d95c133d","Microsoft-Windows-Fault-Tolerant-Heap/Operational","1508","3696","rjaf-PC4429","S-1-5-19","6/24/2015 4:44:57 PM",,,"c:\users\mac_1\desktop\winevt\logs\microsoft-windows-fault-tolerant-heap%4operational.evtx","System.UInt32[]","System.Diagnostics.Eventing.Reader.EventBookmark","Information","Events logged when the FTH (fault tolerant heap) service is started.","Lifecycle Events","System.Collections.ObjectModel.ReadOnlyCollection`1[System.String]","System.Collections.Generic.List`1[System.Diagnostics.Eventing.Reader.EventProperty]"
"The Fault Tolerant Heap service stopped.","1002","0",,"4","1","12","4611686018695823360","97","Microsoft-Windows-Fault-Tolerant-Heap","6b93bf66-a922-4c11-a617-cf60d95c133d","Microsoft-Windows-Fault-Tolerant-Heap/Operational","1404","5600","rjaf-PC4429","S-1-5-19","6/24/2015 5:17:06 AM",,,"c:\users\mac_1\desktop\winevt\logs\microsoft-windows-fault-tolerant-heap%4operational.evtx","System.UInt32[]","System.Diagnostics.Eventing.Reader.EventBookmark","Information","Events logged when the FTH (fault tolerant heap) service is stopped.","Lifecycle Events","System.Collections.ObjectModel.ReadOnlyCollection`1[System.String]","System.Collections.Generic.List`1[System.Diagnostics.Eventing.Reader.EventProperty]"
"The Fault Tolerant Heap service started.","1001","0",,"4","1","11","4611686018695823360","96","Microsoft-Windows-Fault-Tolerant-Heap","6b93bf66-a922-4c11-a617-cf60d95c133d","Microsoft-Windows-Fault-Tolerant-Heap/Operational","1404","5888","rjaf-PC4429","S-1-5-19","6/21/2015 4:24:05 PM",,,"c:\users\mac_1\desktop\winevt\logs\microsoft-windows-fault-tolerant-heap%4operational.evtx","System.UInt32[]","System.Diagnostics.Eventing.Reader.EventBookmark","Information","Events logged when the FTH (fault tolerant heap) service is started.","Lifecycle Events","System.Collections.ObjectModel.ReadOnlyCollection`1[System.String]","System.Collections.Generic.List`1[System.Diagnostics.Eventing.Reader.EventProperty]"
"The Fault Tolerant Heap service started.","1001","0",,"4","1","11","4611686018695823360","95","Microsoft-Windows-Fault-Tolerant-Heap","6b93bf66-a922-4c11-a617-cf60d95c133d","Microsoft-Windows-Fault-Tolerant-Heap/Operational","1436","1452","rjaf-PC4429","S-1-5-19","6/15/2015 12:56:20 AM",,,"c:\users\mac_1\desktop\winevt\logs\microsoft-windows-fault-tolerant-heap%4operational.evtx","System.UInt32[]","System.Diagnostics.Eventing.Reader.EventBookmark","Information","Events logged when the FTH (fault tolerant heap) service is started.","Lifecycle Events","System.Collections.ObjectModel.ReadOnlyCollection`1[System.String]","System.Collections.Generic.List`1[System.Diagnostics.Eventing.Reader.EventProperty]"
"The Fault Tolerant Heap service stopped.","1002","0",,"4","1","12","4611686018695823360","94","Microsoft-Windows-Fault-Tolerant-Heap","6b93bf66-a922-4c11-a617-cf60d95c133d","Microsoft-Windows-Fault-Tolerant-Heap/Operational","1520","2964","rjaf-PC4429","S-1-5-19","6/14/2015 1:15:34 PM",,,"c:\users\mac_1\desktop\winevt\logs\microsoft-windows-fault-tolerant-heap%4operational.evtx","System.UInt32[]","System.Diagnostics.Eventing.Reader.EventBookmark","Information","Events logged when the FTH (fault tolerant heap) service is stopped.","Lifecycle Events","System.Collections.ObjectModel.ReadOnlyCollection`1[System.String]","System.Collections.Generic.List`1[System.Diagnostics.Eventing.Reader.EventProperty]"
"The Fault Tolerant Heap service started.","1001","0",,"4","1","11","4611686018695823360","93","Microsoft-Windows-Fault-Tolerant-Heap","6b93bf66-a922-4c11-a617-cf60d95c133d","Microsoft-Windows-Fault-Tolerant-Heap/Operational","1520","4868","rjaf-PC4429","S-1-5-19","6/9/2015 3:46:03 AM",,,"c:\users\mac_1\desktop\winevt\logs\microsoft-windows-fault-tolerant-heap%4operational.evtx","System.UInt32[]","System.Diagnostics.Eventing.Reader.EventBookmark","Information","Events logged when the FTH (fault tolerant heap) service is started.","Lifecycle Events","System.Collections.ObjectModel.ReadOnlyCollection`1[System.String]","System.Collections.Generic.List`1[System.Diagnostics.Eventing.Reader.EventProperty]"
"The Fault Tolerant Heap service stopped.","1002","0",,"4","1","12","4611686018695823360","92","Microsoft-Windows-Fault-Tolerant-Heap","6b93bf66-a922-4c11-a617-cf60d95c133d","Microsoft-Windows-Fault-Tolerant-Heap/Operational","1412","640","rjaf-PC4429","S-1-5-19","6/8/2015 3:02:05 PM",,,"c:\users\mac_1\desktop\winevt\logs\microsoft-windows-fault-tolerant-heap%4operational.evtx","System.UInt32[]","System.Diagnostics.Eventing.Reader.EventBookmark","Information","Events logged when the FTH (fault tolerant heap) service is stopped.","Lifecycle Events","System.Collections.ObjectModel.ReadOnlyCollection`1[System.String]","System.Collections.Generic.List`1[System.Diagnostics.Eventing.Reader.EventProperty]"
"The Fault Tolerant Heap service started.","1001","0",,"4","1","11","4611686018695823360","91","Microsoft-Windows-Fault-Tolerant-Heap","6b93bf66-a922-4c11-a617-cf60d95c133d","Microsoft-Windows-Fault-Tolerant-Heap/Operational","1412","1540","rjaf-PC4429","S-1-5-19","6/6/2015 8:36:29 AM",,,"c:\users\mac_1\desktop\winevt\logs\microsoft-windows-fault-tolerant-heap%4operational.evtx","System.UInt32[]","System.Diagnostics.Eventing.Reader.EventBookmark","Information","Events logged when the FTH (fault tolerant heap) service is started.","Lifecycle Events","System.Collections.ObjectModel.ReadOnlyCollection`1[System.String]","System.Collections.Generic.List`1[System.Diagnostics.Eventing.Reader.EventProperty]"
"The Fault Tolerant Heap service stopped.","1002","0",,"4","1","12","4611686018695823360","90","Microsoft-Windows-Fault-Tolerant-Heap","6b93bf66-a922-4c11-a617-cf60d95c133d","Microsoft-Windows-Fault-Tolerant-Heap/Operational","1436","4776","rjaf-PC4429","S-1-5-19","6/6/2015 4:42:31 AM",,,"c:\users\mac_1\desktop\winevt\logs\microsoft-windows-fault-tolerant-heap%4operational.evtx","System.UInt32[]","System.Diagnostics.Eventing.Reader.EventBookmark","Information","Events logged when the FTH (fault tolerant heap) service is stopped.","Lifecycle Events","System.Collections.ObjectModel.ReadOnlyCollection`1[System.String]","System.Collections.Generic.List`1[System.Diagnostics.Eventing.Reader.EventProperty]"
"The Fault Tolerant Heap service started.","1001","0",,"4","1","11","4611686018695823360","89","Microsoft-Windows-Fault-Tolerant-Heap","6b93bf66-a922-4c11-a617-cf60d95c133d","Microsoft-Windows-Fault-Tolerant-Heap/Operational","1436","1448","rjaf-PC4429","S-1-5-19","6/6/2015 3:59:16 AM",,,"c:\users\mac_1\desktop\winevt\logs\microsoft-windows-fault-tolerant-heap%4operational.evtx","System.UInt32[]","System.Diagnostics.Eventing.Reader.EventBookmark","Information","Events logged when the FTH (fault tolerant heap) service is started.","Lifecycle Events","System.Collections.ObjectModel.ReadOnlyCollection`1[System.String]","System.Collections.Generic.List`1[System.Diagnostics.Eventing.Reader.EventProperty]"
"The Fault Tolerant Heap service stopped.","1002","0",,"4","1","12","4611686018695823360","88","Microsoft-Windows-Fault-Tolerant-Heap","6b93bf66-a922-4c11-a617-cf60d95c133d","Microsoft-Windows-Fault-Tolerant-Heap/Operational","1420","3420","rjaf-PC4429","S-1-5-19","6/5/2015 1:55:46 PM",,,"c:\users\mac_1\desktop\winevt\logs\microsoft-windows-fault-tolerant-heap%4operational.evtx","System.UInt32[]","System.Diagnostics.Eventing.Reader.EventBookmark","Information","Events logged when the FTH (fault tolerant heap) service is stopped.","Lifecycle Events","System.Collections.ObjectModel.ReadOnlyCollection`1[System.String]","System.Collections.Generic.List`1[System.Diagnostics.Eventing.Reader.EventProperty]"
"The Fault Tolerant Heap service started.","1001","0",,"4","1","11","4611686018695823360","87","Microsoft-Windows-Fault-Tolerant-Heap","6b93bf66-a922-4c11-a617-cf60d95c133d","Microsoft-Windows-Fault-Tolerant-Heap/Operational","1420","2624","rjaf-PC4429","S-1-5-19","6/5/2015 9:54:36 AM",,,"c:\users\mac_1\desktop\winevt\logs\microsoft-windows-fault-tolerant-heap%4operational.evtx","System.UInt32[]","System.Diagnostics.Eventing.Reader.EventBookmark","Information","Events logged when the FTH (fault tolerant heap) service is started.","Lifecycle Events","System.Collections.ObjectModel.ReadOnlyCollection`1[System.String]","System.Collections.Generic.List`1[System.Diagnostics.Eventing.Reader.EventProperty]"
"The Fault Tolerant Heap service stopped.","1002","0",,"4","1","12","4611686018695823360","86","Microsoft-Windows-Fault-Tolerant-Heap","6b93bf66-a922-4c11-a617-cf60d95c133d","Microsoft-Windows-Fault-Tolerant-Heap/Operational","1584","3124","rjaf-PC4429","S-1-5-19","6/5/2015 6:54:40 AM",,,"c:\users\mac_1\desktop\winevt\logs\microsoft-windows-fault-tolerant-heap%4operational.evtx","System.UInt32[]","System.Diagnostics.Eventing.Reader.EventBookmark","Information","Events logged when the FTH (fault tolerant heap) service is stopped.","Lifecycle Events","System.Collections.ObjectModel.ReadOnlyCollection`1[System.String]","System.Collections.Generic.List`1[System.Diagnostics.Eventing.Reader.EventProperty]"
"The Fault Tolerant Heap service started.","1001","0",,"4","1","11","4611686018695823360","85","Microsoft-Windows-Fault-Tolerant-Heap","6b93bf66-a922-4c11-a617-cf60d95c133d","Microsoft-Windows-Fault-Tolerant-Heap/Operational","1584","2544","rjaf-PC4429","S-1-5-19","6/4/2015 10:18:29 PM",,,"c:\users\mac_1\desktop\winevt\logs\microsoft-windows-fault-tolerant-heap%4operational.evtx","System.UInt32[]","System.Diagnostics.Eventing.Reader.EventBookmark","Information","Events logged when the FTH (fault tolerant heap) service is started.","Lifecycle Events","System.Collections.ObjectModel.ReadOnlyCollection`1[System.String]","System.Collections.Generic.List`1[System.Diagnostics.Eventing.Reader.EventProperty]"
"The Fault Tolerant Heap service stopped.","1002","0",,"4","1","12","4611686018695823360","84","Microsoft-Windows-Fault-Tolerant-Heap","6b93bf66-a922-4c11-a617-cf60d95c133d","Microsoft-Windows-Fault-Tolerant-Heap/Operational","1496","5724","rjaf-PC4429","S-1-5-19","6/4/2015 11:51:32 AM",,,"c:\users\mac_1\desktop\winevt\logs\microsoft-windows-fault-tolerant-heap%4operational.evtx","System.UInt32[]","System.Diagnostics.Eventing.Reader.EventBookmark","Information","Events logged when the FTH (fault tolerant heap) service is stopped.","Lifecycle Events","System.Collections.ObjectModel.ReadOnlyCollection`1[System.String]","System.Collections.Generic.List`1[System.Diagnostics.Eventing.Reader.EventProperty]"
"The Fault Tolerant Heap service started.","1001","0",,"4","1","11","4611686018695823360","83","Microsoft-Windows-Fault-Tolerant-Heap","6b93bf66-a922-4c11-a617-cf60d95c133d","Microsoft-Windows-Fault-Tolerant-Heap/Operational","1496","5052","rjaf-PC4429","S-1-5-19","6/3/2015 4:35:43 AM",,,"c:\users\mac_1\desktop\winevt\logs\microsoft-windows-fault-tolerant-heap%4operational.evtx","System.UInt32[]","System.Diagnostics.Eventing.Reader.EventBookmark","Information","Events logged when the FTH (fault tolerant heap) service is started.","Lifecycle Events","System.Collections.ObjectModel.ReadOnlyCollection`1[System.String]","System.Collections.Generic.List`1[System.Diagnostics.Eventing.Reader.EventProperty]"
"The Fault Tolerant Heap service started.","1001","0",,"4","1","11","4611686018695823360","82","Microsoft-Windows-Fault-Tolerant-Heap","6b93bf66-a922-4c11-a617-cf60d95c133d","Microsoft-Windows-Fault-Tolerant-Heap/Operational","1504","3180","rjaf-PC4429","S-1-5-19","6/1/2015 10:28:16 PM",,,"c:\users\mac_1\desktop\winevt\logs\microsoft-windows-fault-tolerant-heap%4operational.evtx","System.UInt32[]","System.Diagnostics.Eventing.Reader.EventBookmark","Information","Events logged when the FTH (fault tolerant heap) service is started.","Lifecycle Events","System.Collections.ObjectModel.ReadOnlyCollection`1[System.String]","System.Collections.Generic.List`1[System.Diagnostics.Eventing.Reader.EventProperty]"
"The Fault Tolerant Heap service started.","1001","0",,"4","1","11","4611686018695823360","81","Microsoft-Windows-Fault-Tolerant-Heap","6b93bf66-a922-4c11-a617-cf60d95c133d","Microsoft-Windows-Fault-Tolerant-Heap/Operational","1464","3452","rjaf-PC4429","S-1-5-19","5/31/2015 11:15:29 PM",,,"c:\users\mac_1\desktop\winevt\logs\microsoft-windows-fault-tolerant-heap%4operational.evtx","System.UInt32[]","System.Diagnostics.Eventing.Reader.EventBookmark","Information","Events logged when the FTH (fault tolerant heap) service is started.","Lifecycle Events","System.Collections.ObjectModel.ReadOnlyCollection`1[System.String]","System.Collections.Generic.List`1[System.Diagnostics.Eventing.Reader.EventProperty]"
"The Fault Tolerant Heap service stopped.","1002","0",,"4","1","12","4611686018695823360","80","Microsoft-Windows-Fault-Tolerant-Heap","6b93bf66-a922-4c11-a617-cf60d95c133d","Microsoft-Windows-Fault-Tolerant-Heap/Operational","1488","1748","rjaf-PC4429","S-1-5-19","5/31/2015 3:13:23 PM",,,"c:\users\mac_1\desktop\winevt\logs\microsoft-windows-fault-tolerant-heap%4operational.evtx","System.UInt32[]","System.Diagnostics.Eventing.Reader.EventBookmark","Information","Events logged when the FTH (fault tolerant heap) service is stopped.","Lifecycle Events","System.Collections.ObjectModel.ReadOnlyCollection`1[System.String]","System.Collections.Generic.List`1[System.Diagnostics.Eventing.Reader.EventProperty]"
"The Fault Tolerant Heap service started.","1001","0",,"4","1","11","4611686018695823360","79","Microsoft-Windows-Fault-Tolerant-Heap","6b93bf66-a922-4c11-a617-cf60d95c133d","Microsoft-Windows-Fault-Tolerant-Heap/Operational","1488","2812","rjaf-PC4429","S-1-5-19","5/27/2015 2:29:29 AM",,,"c:\users\mac_1\desktop\winevt\logs\microsoft-windows-fault-tolerant-heap%4operational.evtx","System.UInt32[]","System.Diagnostics.Eventing.Reader.EventBookmark","Information","Events logged when the FTH (fault tolerant heap) service is started.","Lifecycle Events","System.Collections.ObjectModel.ReadOnlyCollection`1[System.String]","System.Collections.Generic.List`1[System.Diagnostics.Eventing.Reader.EventProperty]"
"The Fault Tolerant Heap service stopped.","1002","0",,"4","1","12","4611686018695823360","78","Microsoft-Windows-Fault-Tolerant-Heap","6b93bf66-a922-4c11-a617-cf60d95c133d","Microsoft-Windows-Fault-Tolerant-Heap/Operational","1520","3492","rjaf-PC4429","S-1-5-19","5/26/2015 2:06:53 PM",,,"c:\users\mac_1\desktop\winevt\logs\microsoft-windows-fault-tolerant-heap%4operational.evtx","System.UInt32[]","System.Diagnostics.Eventing.Reader.EventBookmark","Information","Events logged when the FTH (fault tolerant heap) service is stopped.","Lifecycle Events","System.Collections.ObjectModel.ReadOnlyCollection`1[System.String]","System.Collections.Generic.List`1[System.Diagnostics.Eventing.Reader.EventProperty]"
"The Fault Tolerant Heap service started.","1001","0",,"4","1","11","4611686018695823360","77","Microsoft-Windows-Fault-Tolerant-Heap","6b93bf66-a922-4c11-a617-cf60d95c133d","Microsoft-Windows-Fault-Tolerant-Heap/Operational","1520","4244","rjaf-PC4429","S-1-5-19","5/26/2015 5:42:08 AM",,,"c:\users\mac_1\desktop\winevt\logs\microsoft-windows-fault-tolerant-heap%4operational.evtx","System.UInt32[]","System.Diagnostics.Eventing.Reader.EventBookmark","Information","Events logged when the FTH (fault tolerant heap) service is started.","Lifecycle Events","System.Collections.ObjectModel.ReadOnlyCollection`1[System.String]","System.Collections.Generic.List`1[System.Diagnostics.Eventing.Reader.EventProperty]"
"The Fault Tolerant Heap service stopped.","1002","0",,"4","1","12","4611686018695823360","76","Microsoft-Windows-Fault-Tolerant-Heap","6b93bf66-a922-4c11-a617-cf60d95c133d","Microsoft-Windows-Fault-Tolerant-Heap/Operational","1396","3388","rjaf-PC4429","S-1-5-19","5/25/2015 3:09:16 PM",,,"c:\users\mac_1\desktop\winevt\logs\microsoft-windows-fault-tolerant-heap%4operational.evtx","System.UInt32[]","System.Diagnostics.Eventing.Reader.EventBookmark","Information","Events logged when the FTH (fault tolerant heap) service is stopped.","Lifecycle Events","System.Collections.ObjectModel.ReadOnlyCollection`1[System.String]","System.Collections.Generic.List`1[System.Diagnostics.Eventing.Reader.EventProperty]"
"The Fault Tolerant Heap service started.","1001","0",,"4","1","11","4611686018695823360","75","Microsoft-Windows-Fault-Tolerant-Heap","6b93bf66-a922-4c11-a617-cf60d95c133d","Microsoft-Windows-Fault-Tolerant-Heap/Operational","1396","4724","rjaf-PC4429","S-1-5-19","5/25/2015 5:07:44 AM",,,"c:\users\mac_1\desktop\winevt\logs\microsoft-windows-fault-tolerant-heap%4operational.evtx","System.UInt32[]","System.Diagnostics.Eventing.Reader.EventBookmark","Information","Events logged when the FTH (fault tolerant heap) service is started.","Lifecycle Events","System.Collections.ObjectModel.ReadOnlyCollection`1[System.String]","System.Collections.Generic.List`1[System.Diagnostics.Eventing.Reader.EventProperty]"
"The Fault Tolerant Heap service stopped.","1002","0",,"4","1","12","4611686018695823360","74","Microsoft-Windows-Fault-Tolerant-Heap","6b93bf66-a922-4c11-a617-cf60d95c133d","Microsoft-Windows-Fault-Tolerant-Heap/Operational","1500","2492","rjaf-PC4429","S-1-5-19","5/24/2015 2:03:19 PM",,,"c:\users\mac_1\desktop\winevt\logs\microsoft-windows-fault-tolerant-heap%4operational.evtx","System.UInt32[]","System.Diagnostics.Eventing.Reader.EventBookmark","Information","Events logged when the FTH (fault tolerant heap) service is stopped.","Lifecycle Events","System.Collections.ObjectModel.ReadOnlyCollection`1[System.String]","System.Collections.Generic.List`1[System.Diagnostics.Eventing.Reader.EventProperty]"
"The Fault Tolerant Heap service started.","1001","0",,"4","1","11","4611686018695823360","73","Microsoft-Windows-Fault-Tolerant-Heap","6b93bf66-a922-4c11-a617-cf60d95c133d","Microsoft-Windows-Fault-Tolerant-Heap/Operational","1500","1416","rjaf-PC4429","S-1-5-19","5/24/2015 12:44:38 AM",,,"c:\users\mac_1\desktop\winevt\logs\microsoft-windows-fault-tolerant-heap%4operational.evtx","System.UInt32[]","System.Diagnostics.Eventing.Reader.EventBookmark","Information","Events logged when the FTH (fault tolerant heap) service is started.","Lifecycle Events","System.Collections.ObjectModel.ReadOnlyCollection`1[System.String]","System.Collections.Generic.List`1[System.Diagnostics.Eventing.Reader.EventProperty]"
"The Fault Tolerant Heap service stopped.","1002","0",,"4","1","12","4611686018695823360","72","Microsoft-Windows-Fault-Tolerant-Heap","6b93bf66-a922-4c11-a617-cf60d95c133d","Microsoft-Windows-Fault-Tolerant-Heap/Operational","1520","4796","rjaf-PC4429","S-1-5-19","5/23/2015 3:11:31 AM",,,"c:\users\mac_1\desktop\winevt\logs\microsoft-windows-fault-tolerant-heap%4operational.evtx","System.UInt32[]","System.Diagnostics.Eventing.Reader.EventBookmark","Information","Events logged when the FTH (fault tolerant heap) service is stopped.","Lifecycle Events","System.Collections.ObjectModel.ReadOnlyCollection`1[System.String]","System.Collections.Generic.List`1[System.Diagnostics.Eventing.Reader.EventProperty]"
"The Fault Tolerant Heap service started.","1001","0",,"4","1","11","4611686018695823360","71","Microsoft-Windows-Fault-Tolerant-Heap","6b93bf66-a922-4c11-a617-cf60d95c133d","Microsoft-Windows-Fault-Tolerant-Heap/Operational","1520","2628","rjaf-PC4429","S-1-5-19","5/23/2015 2:21:26 AM",,,"c:\users\mac_1\desktop\winevt\logs\microsoft-windows-fault-tolerant-heap%4operational.evtx","System.UInt32[]","System.Diagnostics.Eventing.Reader.EventBookmark","Information","Events logged when the FTH (fault tolerant heap) service is started.","Lifecycle Events","System.Collections.ObjectModel.ReadOnlyCollection`1[System.String]","System.Collections.Generic.List`1[System.Diagnostics.Eventing.Reader.EventProperty]"
"The Fault Tolerant Heap service stopped.","1002","0",,"4","1","12","4611686018695823360","70","Microsoft-Windows-Fault-Tolerant-Heap","6b93bf66-a922-4c11-a617-cf60d95c133d","Microsoft-Windows-Fault-Tolerant-Heap/Operational","1564","1840","rjaf-PC4429","S-1-5-19","5/22/2015 7:00:41 AM",,,"c:\users\mac_1\desktop\winevt\logs\microsoft-windows-fault-tolerant-heap%4operational.evtx","System.UInt32[]","System.Diagnostics.Eventing.Reader.EventBookmark","Information","Events logged when the FTH (fault tolerant heap) service is stopped.","Lifecycle Events","System.Collections.ObjectModel.ReadOnlyCollection`1[System.String]","System.Collections.Generic.List`1[System.Diagnostics.Eventing.Reader.EventProperty]"
"The Fault Tolerant Heap service started.","1001","0",,"4","1","11","4611686018695823360","69","Microsoft-Windows-Fault-Tolerant-Heap","6b93bf66-a922-4c11-a617-cf60d95c133d","Microsoft-Windows-Fault-Tolerant-Heap/Operational","1564","3764","rjaf-PC4429","S-1-5-19","5/22/2015 6:45:40 AM",,,"c:\users\mac_1\desktop\winevt\logs\microsoft-windows-fault-tolerant-heap%4operational.evtx","System.UInt32[]","System.Diagnostics.Eventing.Reader.EventBookmark","Information","Events logged when the FTH (fault tolerant heap) service is started.","Lifecycle Events","System.Collections.ObjectModel.ReadOnlyCollection`1[System.String]","System.Collections.Generic.List`1[System.Diagnostics.Eventing.Reader.EventProperty]"
"The Fault Tolerant Heap service stopped.","1002","0",,"4","1","12","4611686018695823360","68","Microsoft-Windows-Fault-Tolerant-Heap","6b93bf66-a922-4c11-a617-cf60d95c133d","Microsoft-Windows-Fault-Tolerant-Heap/Operational","1588","5352","rjaf-PC4429","S-1-5-19","5/22/2015 3:45:23 AM",,,"c:\users\mac_1\desktop\winevt\logs\microsoft-windows-fault-tolerant-heap%4operational.evtx","System.UInt32[]","System.Diagnostics.Eventing.Reader.EventBookmark","Information","Events logged when the FTH (fault tolerant heap) service is stopped.","Lifecycle Events","System.Collections.ObjectModel.ReadOnlyCollection`1[System.String]","System.Collections.Generic.List`1[System.Diagnostics.Eventing.Reader.EventProperty]"
"The Fault Tolerant Heap service started.","1001","0",,"4","1","11","4611686018695823360","67","Microsoft-Windows-Fault-Tolerant-Heap","6b93bf66-a922-4c11-a617-cf60d95c133d","Microsoft-Windows-Fault-Tolerant-Heap/Operational","1588","5620","rjaf-PC4429","S-1-5-19","5/18/2015 11:48:56 PM",,,"c:\users\mac_1\desktop\winevt\logs\microsoft-windows-fault-tolerant-heap%4operational.evtx","System.UInt32[]","System.Diagnostics.Eventing.Reader.EventBookmark","Information","Events logged when the FTH (fault tolerant heap) service is started.","Lifecycle Events","System.Collections.ObjectModel.ReadOnlyCollection`1[System.String]","System.Collections.Generic.List`1[System.Diagnostics.Eventing.Reader.EventProperty]"
"The Fault Tolerant Heap service stopped.","1002","0",,"4","1","12","4611686018695823360","66","Microsoft-Windows-Fault-Tolerant-Heap","6b93bf66-a922-4c11-a617-cf60d95c133d","Microsoft-Windows-Fault-Tolerant-Heap/Operational","1088","3392","rjaf-PC4429","S-1-5-19","5/18/2015 5:37:22 AM",,,"c:\users\mac_1\desktop\winevt\logs\microsoft-windows-fault-tolerant-heap%4operational.evtx","System.UInt32[]","System.Diagnostics.Eventing.Reader.EventBookmark","Information","Events logged when the FTH (fault tolerant heap) service is stopped.","Lifecycle Events","System.Collections.ObjectModel.ReadOnlyCollection`1[System.String]","System.Collections.Generic.List`1[System.Diagnostics.Eventing.Reader.EventProperty]"
"The Fault Tolerant Heap service started.","1001","0",,"4","1","11","4611686018695823360","65","Microsoft-Windows-Fault-Tolerant-Heap","6b93bf66-a922-4c11-a617-cf60d95c133d","Microsoft-Windows-Fault-Tolerant-Heap/Operational","1088","1872","rjaf-PC4429","S-1-5-19","5/17/2015 7:36:40 AM",,,"c:\users\mac_1\desktop\winevt\logs\microsoft-windows-fault-tolerant-heap%4operational.evtx","System.UInt32[]","System.Diagnostics.Eventing.Reader.EventBookmark","Information","Events logged when the FTH (fault tolerant heap) service is started.","Lifecycle Events","System.Collections.ObjectModel.ReadOnlyCollection`1[System.String]","System.Collections.Generic.List`1[System.Diagnostics.Eventing.Reader.EventProperty]"
"The Fault Tolerant Heap service started.","1001","0",,"4","1","11","4611686018695823360","64","Microsoft-Windows-Fault-Tolerant-Heap","6b93bf66-a922-4c11-a617-cf60d95c133d","Microsoft-Windows-Fault-Tolerant-Heap/Operational","1652","6096","rjaf-PC4429","S-1-5-19","5/14/2015 2:09:34 AM",,,"c:\users\mac_1\desktop\winevt\logs\microsoft-windows-fault-tolerant-heap%4operational.evtx","System.UInt32[]","System.Diagnostics.Eventing.Reader.EventBookmark","Information","Events logged when the FTH (fault tolerant heap) service is started.","Lifecycle Events","System.Collections.ObjectModel.ReadOnlyCollection`1[System.String]","System.Collections.Generic.List`1[System.Diagnostics.Eventing.Reader.EventProperty]"
"The Fault Tolerant Heap service stopped.","1002","0",,"4","1","12","4611686018695823360","63","Microsoft-Windows-Fault-Tolerant-Heap","6b93bf66-a922-4c11-a617-cf60d95c133d","Microsoft-Windows-Fault-Tolerant-Heap/Operational","1612","5512","rjaf-PC4429","S-1-5-19","5/14/2015 1:08:24 AM",,,"c:\users\mac_1\desktop\winevt\logs\microsoft-windows-fault-tolerant-heap%4operational.evtx","System.UInt32[]","System.Diagnostics.Eventing.Reader.EventBookmark","Information","Events logged when the FTH (fault tolerant heap) service is stopped.","Lifecycle Events","System.Collections.ObjectModel.ReadOnlyCollection`1[System.String]","System.Collections.Generic.List`1[System.Diagnostics.Eventing.Reader.EventProperty]"
"The Fault Tolerant Heap service started.","1001","0",,"4","1","11","4611686018695823360","62","Microsoft-Windows-Fault-Tolerant-Heap","6b93bf66-a922-4c11-a617-cf60d95c133d","Microsoft-Windows-Fault-Tolerant-Heap/Operational","1612","3764","rjaf-PC4429","S-1-5-19","5/14/2015 12:33:13 AM",,,"c:\users\mac_1\desktop\winevt\logs\microsoft-windows-fault-tolerant-heap%4operational.evtx","System.UInt32[]","System.Diagnostics.Eventing.Reader.EventBookmark","Information","Events logged when the FTH (fault tolerant heap) service is started.","Lifecycle Events","System.Collections.ObjectModel.ReadOnlyCollection`1[System.String]","System.Collections.Generic.List`1[System.Diagnostics.Eventing.Reader.EventProperty]"
"The Fault Tolerant Heap service stopped.","1002","0",,"4","1","12","4611686018695823360","61","Microsoft-Windows-Fault-Tolerant-Heap","6b93bf66-a922-4c11-a617-cf60d95c133d","Microsoft-Windows-Fault-Tolerant-Heap/Operational","1100","1344","rjaf-PC4429","S-1-5-19","5/14/2015 12:28:33 AM",,,"c:\users\mac_1\desktop\winevt\logs\microsoft-windows-fault-tolerant-heap%4operational.evtx","System.UInt32[]","System.Diagnostics.Eventing.Reader.EventBookmark","Information","Events logged when the FTH (fault tolerant heap) service is stopped.","Lifecycle Events","System.Collections.ObjectModel.ReadOnlyCollection`1[System.String]","System.Collections.Generic.List`1[System.Diagnostics.Eventing.Reader.EventProperty]"
"The Fault Tolerant Heap service started.","1001","0",,"4","1","11","4611686018695823360","60","Microsoft-Windows-Fault-Tolerant-Heap","6b93bf66-a922-4c11-a617-cf60d95c133d","Microsoft-Windows-Fault-Tolerant-Heap/Operational","1100","2536","rjaf-PC4429","S-1-5-19","5/13/2015 3:29:39 PM",,,"c:\users\mac_1\desktop\winevt\logs\microsoft-windows-fault-tolerant-heap%4operational.evtx","System.UInt32[]","System.Diagnostics.Eventing.Reader.EventBookmark","Information","Events logged when the FTH (fault tolerant heap) service is started.","Lifecycle Events","System.Collections.ObjectModel.ReadOnlyCollection`1[System.String]","System.Collections.Generic.List`1[System.Diagnostics.Eventing.Reader.EventProperty]"
"The Fault Tolerant Heap service started.","1001","0",,"4","1","11","4611686018695823360","59","Microsoft-Windows-Fault-Tolerant-Heap","6b93bf66-a922-4c11-a617-cf60d95c133d","Microsoft-Windows-Fault-Tolerant-Heap/Operational","1096","4052","rjaf-PC4429","S-1-5-19","5/13/2015 11:45:47 AM",,,"c:\users\mac_1\desktop\winevt\logs\microsoft-windows-fault-tolerant-heap%4operational.evtx","System.UInt32[]","System.Diagnostics.Eventing.Reader.EventBookmark","Information","Events logged when the FTH (fault tolerant heap) service is started.","Lifecycle Events","System.Collections.ObjectModel.ReadOnlyCollection`1[System.String]","System.Collections.Generic.List`1[System.Diagnostics.Eventing.Reader.EventProperty]"
"The Fault Tolerant Heap service stopped.","1002","0",,"4","1","12","4611686018695823360","58","Microsoft-Windows-Fault-Tolerant-Heap","6b93bf66-a922-4c11-a617-cf60d95c133d","Microsoft-Windows-Fault-Tolerant-Heap/Operational","1132","4048","rjaf-PC4429","S-1-5-19","5/13/2015 7:48:11 AM",,,"c:\users\mac_1\desktop\winevt\logs\microsoft-windows-fault-tolerant-heap%4operational.evtx","System.UInt32[]","System.Diagnostics.Eventing.Reader.EventBookmark","Information","Events logged when the FTH (fault tolerant heap) service is stopped.","Lifecycle Events","System.Collections.ObjectModel.ReadOnlyCollection`1[System.String]","System.Collections.Generic.List`1[System.Diagnostics.Eventing.Reader.EventProperty]"
"The Fault Tolerant Heap service started.","1001","0",,"4","1","11","4611686018695823360","57","Microsoft-Windows-Fault-Tolerant-Heap","6b93bf66-a922-4c11-a617-cf60d95c133d","Microsoft-Windows-Fault-Tolerant-Heap/Operational","1132","1288","rjaf-PC4429","S-1-5-19","5/12/2015 2:30:42 AM",,,"c:\users\mac_1\desktop\winevt\logs\microsoft-windows-fault-tolerant-heap%4operational.evtx","System.UInt32[]","System.Diagnostics.Eventing.Reader.EventBookmark","Information","Events logged when the FTH (fault tolerant heap) service is started.","Lifecycle Events","System.Collections.ObjectModel.ReadOnlyCollection`1[System.String]","System.Collections.Generic.List`1[System.Diagnostics.Eventing.Reader.EventProperty]"
"The Fault Tolerant Heap service started.","1001","0",,"4","1","11","4611686018695823360","56","Microsoft-Windows-Fault-Tolerant-Heap","6b93bf66-a922-4c11-a617-cf60d95c133d","Microsoft-Windows-Fault-Tolerant-Heap/Operational","1100","2820","rjaf-PC4429","S-1-5-19","5/12/2015 12:18:16 AM",,,"c:\users\mac_1\desktop\winevt\logs\microsoft-windows-fault-tolerant-heap%4operational.evtx","System.UInt32[]","System.Diagnostics.Eventing.Reader.EventBookmark","Information","Events logged when the FTH (fault tolerant heap) service is started.","Lifecycle Events","System.Collections.ObjectModel.ReadOnlyCollection`1[System.String]","System.Collections.Generic.List`1[System.Diagnostics.Eventing.Reader.EventProperty]"
"The Fault Tolerant Heap service stopped.","1002","0",,"4","1","12","4611686018695823360","55","Microsoft-Windows-Fault-Tolerant-Heap","6b93bf66-a922-4c11-a617-cf60d95c133d","Microsoft-Windows-Fault-Tolerant-Heap/Operational","1120","432","rjaf-PC4429","S-1-5-19","5/11/2015 2:25:36 PM",,,"c:\users\mac_1\desktop\winevt\logs\microsoft-windows-fault-tolerant-heap%4operational.evtx","System.UInt32[]","System.Diagnostics.Eventing.Reader.EventBookmark","Information","Events logged when the FTH (fault tolerant heap) service is stopped.","Lifecycle Events","System.Collections.ObjectModel.ReadOnlyCollection`1[System.String]","System.Collections.Generic.List`1[System.Diagnostics.Eventing.Reader.EventProperty]"
"The Fault Tolerant Heap service started.","1001","0",,"4","1","11","4611686018695823360","54","Microsoft-Windows-Fault-Tolerant-Heap","6b93bf66-a922-4c11-a617-cf60d95c133d","Microsoft-Windows-Fault-Tolerant-Heap/Operational","1120","1048","rjaf-PC4429","S-1-5-19","5/11/2015 12:30:06 AM",,,"c:\users\mac_1\desktop\winevt\logs\microsoft-windows-fault-tolerant-heap%4operational.evtx","System.UInt32[]","System.Diagnostics.Eventing.Reader.EventBookmark","Information","Events logged when the FTH (fault tolerant heap) service is started.","Lifecycle Events","System.Collections.ObjectModel.ReadOnlyCollection`1[System.String]","System.Collections.Generic.List`1[System.Diagnostics.Eventing.Reader.EventProperty]"
"The Fault Tolerant Heap service stopped.","1002","0",,"4","1","12","4611686018695823360","53","Microsoft-Windows-Fault-Tolerant-Heap","6b93bf66-a922-4c11-a617-cf60d95c133d","Microsoft-Windows-Fault-Tolerant-Heap/Operational","1120","2164","rjaf-PC4429","S-1-5-19","5/10/2015 6:48:06 AM",,,"c:\users\mac_1\desktop\winevt\logs\microsoft-windows-fault-tolerant-heap%4operational.evtx","System.UInt32[]","System.Diagnostics.Eventing.Reader.EventBookmark","Information","Events logged when the FTH (fault tolerant heap) service is stopped.","Lifecycle Events","System.Collections.ObjectModel.ReadOnlyCollection`1[System.String]","System.Collections.Generic.List`1[System.Diagnostics.Eventing.Reader.EventProperty]"
"The Fault Tolerant Heap service started.","1001","0",,"4","1","11","4611686018695823360","52","Microsoft-Windows-Fault-Tolerant-Heap","6b93bf66-a922-4c11-a617-cf60d95c133d","Microsoft-Windows-Fault-Tolerant-Heap/Operational","1120","1616","rjaf-PC4429","S-1-5-19","5/10/2015 2:28:06 AM",,,"c:\users\mac_1\desktop\winevt\logs\microsoft-windows-fault-tolerant-heap%4operational.evtx","System.UInt32[]","System.Diagnostics.Eventing.Reader.EventBookmark","Information","Events logged when the FTH (fault tolerant heap) service is started.","Lifecycle Events","System.Collections.ObjectModel.ReadOnlyCollection`1[System.String]","System.Collections.Generic.List`1[System.Diagnostics.Eventing.Reader.EventProperty]"
"The Fault Tolerant Heap service stopped.","1002","0",,"4","1","12","4611686018695823360","51","Microsoft-Windows-Fault-Tolerant-Heap","6b93bf66-a922-4c11-a617-cf60d95c133d","Microsoft-Windows-Fault-Tolerant-Heap/Operational","1080","1992","rjaf-PC4429","S-1-5-19","5/9/2015 7:14:12 AM",,,"c:\users\mac_1\desktop\winevt\logs\microsoft-windows-fault-tolerant-heap%4operational.evtx","System.UInt32[]","System.Diagnostics.Eventing.Reader.EventBookmark","Information","Events logged when the FTH (fault tolerant heap) service is stopped.","Lifecycle Events","System.Collections.ObjectModel.ReadOnlyCollection`1[System.String]","System.Collections.Generic.List`1[System.Diagnostics.Eventing.Reader.EventProperty]"
"The Fault Tolerant Heap service started.","1001","0",,"4","1","11","4611686018695823360","50","Microsoft-Windows-Fault-Tolerant-Heap","6b93bf66-a922-4c11-a617-cf60d95c133d","Microsoft-Windows-Fault-Tolerant-Heap/Operational","1080","1112","rjaf-PC4429","S-1-5-19","5/9/2015 7:12:56 AM",,,"c:\users\mac_1\desktop\winevt\logs\microsoft-windows-fault-tolerant-heap%4operational.evtx","System.UInt32[]","System.Diagnostics.Eventing.Reader.EventBookmark","Information","Events logged when the FTH (fault tolerant heap) service is started.","Lifecycle Events","System.Collections.ObjectModel.ReadOnlyCollection`1[System.String]","System.Collections.Generic.List`1[System.Diagnostics.Eventing.Reader.EventProperty]"
"The Fault Tolerant Heap service stopped.","1002","0",,"4","1","12","4611686018695823360","49","Microsoft-Windows-Fault-Tolerant-Heap","6b93bf66-a922-4c11-a617-cf60d95c133d","Microsoft-Windows-Fault-Tolerant-Heap/Operational","1128","3092","rjaf-PC4429","S-1-5-19","5/9/2015 5:14:20 AM",,,"c:\users\mac_1\desktop\winevt\logs\microsoft-windows-fault-tolerant-heap%4operational.evtx","System.UInt32[]","System.Diagnostics.Eventing.Reader.EventBookmark","Information","Events logged when the FTH (fault tolerant heap) service is stopped.","Lifecycle Events","System.Collections.ObjectModel.ReadOnlyCollection`1[System.String]","System.Collections.Generic.List`1[System.Diagnostics.Eventing.Reader.EventProperty]"
"The Fault Tolerant Heap service started.","1001","0",,"4","1","11","4611686018695823360","48","Microsoft-Windows-Fault-Tolerant-Heap","6b93bf66-a922-4c11-a617-cf60d95c133d","Microsoft-Windows-Fault-Tolerant-Heap/Operational","1128","352","rjaf-PC4429","S-1-5-19","5/9/2015 4:45:32 AM",,,"c:\users\mac_1\desktop\winevt\logs\microsoft-windows-fault-tolerant-heap%4operational.evtx","System.UInt32[]","System.Diagnostics.Eventing.Reader.EventBookmark","Information","Events logged when the FTH (fault tolerant heap) service is started.","Lifecycle Events","System.Collections.ObjectModel.ReadOnlyCollection`1[System.String]","System.Collections.Generic.List`1[System.Diagnostics.Eventing.Reader.EventProperty]"
"The Fault Tolerant Heap service stopped.","1002","0",,"4","1","12","4611686018695823360","47","Microsoft-Windows-Fault-Tolerant-Heap","6b93bf66-a922-4c11-a617-cf60d95c133d","Microsoft-Windows-Fault-Tolerant-Heap/Operational","1104","748","rjaf-PC4429","S-1-5-19","5/8/2015 7:47:03 PM",,,"c:\users\mac_1\desktop\winevt\logs\microsoft-windows-fault-tolerant-heap%4operational.evtx","System.UInt32[]","System.Diagnostics.Eventing.Reader.EventBookmark","Information","Events logged when the FTH (fault tolerant heap) service is stopped.","Lifecycle Events","System.Collections.ObjectModel.ReadOnlyCollection`1[System.String]","System.Collections.Generic.List`1[System.Diagnostics.Eventing.Reader.EventProperty]"
"The Fault Tolerant Heap service started.","1001","0",,"4","1","11","4611686018695823360","46","Microsoft-Windows-Fault-Tolerant-Heap","6b93bf66-a922-4c11-a617-cf60d95c133d","Microsoft-Windows-Fault-Tolerant-Heap/Operational","1104","1132","rjaf-PC4429","S-1-5-19","5/8/2015 7:44:56 PM",,,"c:\users\mac_1\desktop\winevt\logs\microsoft-windows-fault-tolerant-heap%4operational.evtx","System.UInt32[]","System.Diagnostics.Eventing.Reader.EventBookmark","Information","Events logged when the FTH (fault tolerant heap) service is started.","Lifecycle Events","System.Collections.ObjectModel.ReadOnlyCollection`1[System.String]","System.Collections.Generic.List`1[System.Diagnostics.Eventing.Reader.EventProperty]"
"The Fault Tolerant Heap service stopped.","1002","0",,"4","1","12","4611686018695823360","45","Microsoft-Windows-Fault-Tolerant-Heap","6b93bf66-a922-4c11-a617-cf60d95c133d","Microsoft-Windows-Fault-Tolerant-Heap/Operational","1080","644","rjaf-PC4429","S-1-5-19","5/8/2015 12:07:03 PM",,,"c:\users\mac_1\desktop\winevt\logs\microsoft-windows-fault-tolerant-heap%4operational.evtx","System.UInt32[]","System.Diagnostics.Eventing.Reader.EventBookmark","Information","Events logged when the FTH (fault tolerant heap) service is stopped.","Lifecycle Events","System.Collections.ObjectModel.ReadOnlyCollection`1[System.String]","System.Collections.Generic.List`1[System.Diagnostics.Eventing.Reader.EventProperty]"
"The Fault Tolerant Heap service started.","1001","0",,"4","1","11","4611686018695823360","44","Microsoft-Windows-Fault-Tolerant-Heap","6b93bf66-a922-4c11-a617-cf60d95c133d","Microsoft-Windows-Fault-Tolerant-Heap/Operational","1080","1096","rjaf-PC4429","S-1-5-19","5/8/2015 11:21:13 AM",,,"c:\users\mac_1\desktop\winevt\logs\microsoft-windows-fault-tolerant-heap%4operational.evtx","System.UInt32[]","System.Diagnostics.Eventing.Reader.EventBookmark","Information","Events logged when the FTH (fault tolerant heap) service is started.","Lifecycle Events","System.Collections.ObjectModel.ReadOnlyCollection`1[System.String]","System.Collections.Generic.List`1[System.Diagnostics.Eventing.Reader.EventProperty]"
"The Fault Tolerant Heap service started.","1001","0",,"4","1","11","4611686018695823360","43","Microsoft-Windows-Fault-Tolerant-Heap","6b93bf66-a922-4c11-a617-cf60d95c133d","Microsoft-Windows-Fault-Tolerant-Heap/Operational","1092","1756","rjaf-PC4429","S-1-5-19","5/8/2015 11:16:50 AM",,,"c:\users\mac_1\desktop\winevt\logs\microsoft-windows-fault-tolerant-heap%4operational.evtx","System.UInt32[]","System.Diagnostics.Eventing.Reader.EventBookmark","Information","Events logged when the FTH (fault tolerant heap) service is started.","Lifecycle Events","System.Collections.ObjectModel.ReadOnlyCollection`1[System.String]","System.Collections.Generic.List`1[System.Diagnostics.Eventing.Reader.EventProperty]"
"The Fault Tolerant Heap service stopped.","1002","0",,"4","1","12","4611686018695823360","42","Microsoft-Windows-Fault-Tolerant-Heap","6b93bf66-a922-4c11-a617-cf60d95c133d","Microsoft-Windows-Fault-Tolerant-Heap/Operational","1104","2420","rjaf-PC4429","S-1-5-19","5/8/2015 7:27:50 AM",,,"c:\users\mac_1\desktop\winevt\logs\microsoft-windows-fault-tolerant-heap%4operational.evtx","System.UInt32[]","System.Diagnostics.Eventing.Reader.EventBookmark","Information","Events logged when the FTH (fault tolerant heap) service is stopped.","Lifecycle Events","System.Collections.ObjectModel.ReadOnlyCollection`1[System.String]","System.Collections.Generic.List`1[System.Diagnostics.Eventing.Reader.EventProperty]"
"The Fault Tolerant Heap service started.","1001","0",,"4","1","11","4611686018695823360","41","Microsoft-Windows-Fault-Tolerant-Heap","6b93bf66-a922-4c11-a617-cf60d95c133d","Microsoft-Windows-Fault-Tolerant-Heap/Operational","1104","3524","rjaf-PC4429","S-1-5-19","5/8/2015 7:24:37 AM",,,"c:\users\mac_1\desktop\winevt\logs\microsoft-windows-fault-tolerant-heap%4operational.evtx","System.UInt32[]","System.Diagnostics.Eventing.Reader.EventBookmark","Information","Events logged when the FTH (fault tolerant heap) service is started.","Lifecycle Events","System.Collections.ObjectModel.ReadOnlyCollection`1[System.String]","System.Collections.Generic.List`1[System.Diagnostics.Eventing.Reader.EventProperty]"
"The Fault Tolerant Heap service stopped.","1002","0",,"4","1","12","4611686018695823360","40","Microsoft-Windows-Fault-Tolerant-Heap","6b93bf66-a922-4c11-a617-cf60d95c133d","Microsoft-Windows-Fault-Tolerant-Heap/Operational","1116","3564","rjaf-PC4429","S-1-5-19","5/8/2015 4:38:52 AM",,,"c:\users\mac_1\desktop\winevt\logs\microsoft-windows-fault-tolerant-heap%4operational.evtx","System.UInt32[]","System.Diagnostics.Eventing.Reader.EventBookmark","Information","Events logged when the FTH (fault tolerant heap) service is stopped.","Lifecycle Events","System.Collections.ObjectModel.ReadOnlyCollection`1[System.String]","System.Collections.Generic.List`1[System.Diagnostics.Eventing.Reader.EventProperty]"
"The Fault Tolerant Heap service started.","1001","0",,"4","1","11","4611686018695823360","39","Microsoft-Windows-Fault-Tolerant-Heap","6b93bf66-a922-4c11-a617-cf60d95c133d","Microsoft-Windows-Fault-Tolerant-Heap/Operational","1116","1768","rjaf-PC4429","S-1-5-19","5/8/2015 4:28:41 AM",,,"c:\users\mac_1\desktop\winevt\logs\microsoft-windows-fault-tolerant-heap%4operational.evtx","System.UInt32[]","System.Diagnostics.Eventing.Reader.EventBookmark","Information","Events logged when the FTH (fault tolerant heap) service is started.","Lifecycle Events","System.Collections.ObjectModel.ReadOnlyCollection`1[System.String]","System.Collections.Generic.List`1[System.Diagnostics.Eventing.Reader.EventProperty]"
"The Fault Tolerant Heap service stopped.","1002","0",,"4","1","12","4611686018695823360","38","Microsoft-Windows-Fault-Tolerant-Heap","6b93bf66-a922-4c11-a617-cf60d95c133d","Microsoft-Windows-Fault-Tolerant-Heap/Operational","1108","1760","rjaf-PC4429","S-1-5-19","5/8/2015 4:27:36 AM",,,"c:\users\mac_1\desktop\winevt\logs\microsoft-windows-fault-tolerant-heap%4operational.evtx","System.UInt32[]","System.Diagnostics.Eventing.Reader.EventBookmark","Information","Events logged when the FTH (fault tolerant heap) service is stopped.","Lifecycle Events","System.Collections.ObjectModel.ReadOnlyCollection`1[System.String]","System.Collections.Generic.List`1[System.Diagnostics.Eventing.Reader.EventProperty]"
"The Fault Tolerant Heap service started.","1001","0",,"4","1","11","4611686018695823360","37","Microsoft-Windows-Fault-Tolerant-Heap","6b93bf66-a922-4c11-a617-cf60d95c133d","Microsoft-Windows-Fault-Tolerant-Heap/Operational","1108","1760","rjaf-PC4429","S-1-5-19","5/8/2015 4:26:50 AM",,,"c:\users\mac_1\desktop\winevt\logs\microsoft-windows-fault-tolerant-heap%4operational.evtx","System.UInt32[]","System.Diagnostics.Eventing.Reader.EventBookmark","Information","Events logged when the FTH (fault tolerant heap) service is started.","Lifecycle Events","System.Collections.ObjectModel.ReadOnlyCollection`1[System.String]","System.Collections.Generic.List`1[System.Diagnostics.Eventing.Reader.EventProperty]"
"The Fault Tolerant Heap service stopped.","1002","0",,"4","1","12","4611686018695823360","36","Microsoft-Windows-Fault-Tolerant-Heap","6b93bf66-a922-4c11-a617-cf60d95c133d","Microsoft-Windows-Fault-Tolerant-Heap/Operational","1072","1100","rjaf-PC4429","S-1-5-19","5/8/2015 4:15:33 AM",,,"c:\users\mac_1\desktop\winevt\logs\microsoft-windows-fault-tolerant-heap%4operational.evtx","System.UInt32[]","System.Diagnostics.Eventing.Reader.EventBookmark","Information","Events logged when the FTH (fault tolerant heap) service is stopped.","Lifecycle Events","System.Collections.ObjectModel.ReadOnlyCollection`1[System.String]","System.Collections.Generic.List`1[System.Diagnostics.Eventing.Reader.EventProperty]"
"The Fault Tolerant Heap service started.","1001","0",,"4","1","11","4611686018695823360","35","Microsoft-Windows-Fault-Tolerant-Heap","6b93bf66-a922-4c11-a617-cf60d95c133d","Microsoft-Windows-Fault-Tolerant-Heap/Operational","1072","1216","rjaf-PC4429","S-1-5-19","5/8/2015 4:13:41 AM",,,"c:\users\mac_1\desktop\winevt\logs\microsoft-windows-fault-tolerant-heap%4operational.evtx","System.UInt32[]","System.Diagnostics.Eventing.Reader.EventBookmark","Information","Events logged when the FTH (fault tolerant heap) service is started.","Lifecycle Events","System.Collections.ObjectModel.ReadOnlyCollection`1[System.String]","System.Collections.Generic.List`1[System.Diagnostics.Eventing.Reader.EventProperty]"
"The Fault Tolerant Heap service started.","1001","0",,"4","1","11","4611686018695823360","34","Microsoft-Windows-Fault-Tolerant-Heap","6b93bf66-a922-4c11-a617-cf60d95c133d","Microsoft-Windows-Fault-Tolerant-Heap/Operational","1088","3304","rjaf-PC4429","S-1-5-19","12/2/2014 10:30:44 AM",,,"c:\users\mac_1\desktop\winevt\logs\microsoft-windows-fault-tolerant-heap%4operational.evtx","System.UInt32[]","System.Diagnostics.Eventing.Reader.EventBookmark","Information","Events logged when the FTH (fault tolerant heap) service is started.","Lifecycle Events","System.Collections.ObjectModel.ReadOnlyCollection`1[System.String]","System.Collections.Generic.List`1[System.Diagnostics.Eventing.Reader.EventProperty]"
"The Fault Tolerant Heap service started.","1001","0",,"4","1","11","4611686018695823360","33","Microsoft-Windows-Fault-Tolerant-Heap","6b93bf66-a922-4c11-a617-cf60d95c133d","Microsoft-Windows-Fault-Tolerant-Heap/Operational","1092","2508","rjaf-PC4429","S-1-5-19","11/24/2014 11:49:32 AM",,,"c:\users\mac_1\desktop\winevt\logs\microsoft-windows-fault-tolerant-heap%4operational.evtx","System.UInt32[]","System.Diagnostics.Eventing.Reader.EventBookmark","Information","Events logged when the FTH (fault tolerant heap) service is started.","Lifecycle Events","System.Collections.ObjectModel.ReadOnlyCollection`1[System.String]","System.Collections.Generic.List`1[System.Diagnostics.Eventing.Reader.EventProperty]"
"The Fault Tolerant Heap service stopped.","1002","0",,"4","1","12","4611686018695823360","32","Microsoft-Windows-Fault-Tolerant-Heap","6b93bf66-a922-4c11-a617-cf60d95c133d","Microsoft-Windows-Fault-Tolerant-Heap/Operational","1124","288","rjaf-PC4429","S-1-5-19","10/16/2014 2:26:09 AM",,,"c:\users\mac_1\desktop\winevt\logs\microsoft-windows-fault-tolerant-heap%4operational.evtx","System.UInt32[]","System.Diagnostics.Eventing.Reader.EventBookmark","Information","Events logged when the FTH (fault tolerant heap) service is stopped.","Lifecycle Events","System.Collections.ObjectModel.ReadOnlyCollection`1[System.String]","System.Collections.Generic.List`1[System.Diagnostics.Eventing.Reader.EventProperty]"
"The Fault Tolerant Heap service started.","1001","0",,"4","1","11","4611686018695823360","31","Microsoft-Windows-Fault-Tolerant-Heap","6b93bf66-a922-4c11-a617-cf60d95c133d","Microsoft-Windows-Fault-Tolerant-Heap/Operational","1124","2204","rjaf-PC4429","S-1-5-19","10/16/2014 2:21:30 AM",,,"c:\users\mac_1\desktop\winevt\logs\microsoft-windows-fault-tolerant-heap%4operational.evtx","System.UInt32[]","System.Diagnostics.Eventing.Reader.EventBookmark","Information","Events logged when the FTH (fault tolerant heap) service is started.","Lifecycle Events","System.Collections.ObjectModel.ReadOnlyCollection`1[System.String]","System.Collections.Generic.List`1[System.Diagnostics.Eventing.Reader.EventProperty]"
"The Fault Tolerant Heap service stopped.","1002","0",,"4","1","12","4611686018695823360","30","Microsoft-Windows-Fault-Tolerant-Heap","6b93bf66-a922-4c11-a617-cf60d95c133d","Microsoft-Windows-Fault-Tolerant-Heap/Operational","1112","1908","rjaf-PC4429","S-1-5-19","10/2/2014 1:28:13 PM",,,"c:\users\mac_1\desktop\winevt\logs\microsoft-windows-fault-tolerant-heap%4operational.evtx","System.UInt32[]","System.Diagnostics.Eventing.Reader.EventBookmark","Information","Events logged when the FTH (fault tolerant heap) service is stopped.","Lifecycle Events","System.Collections.ObjectModel.ReadOnlyCollection`1[System.String]","System.Collections.Generic.List`1[System.Diagnostics.Eventing.Reader.EventProperty]"
"The Fault Tolerant Heap service started.","1001","0",,"4","1","11","4611686018695823360","29","Microsoft-Windows-Fault-Tolerant-Heap","6b93bf66-a922-4c11-a617-cf60d95c133d","Microsoft-Windows-Fault-Tolerant-Heap/Operational","1112","5736","rjaf-PC4429","S-1-5-19","10/2/2014 1:17:14 PM",,,"c:\users\mac_1\desktop\winevt\logs\microsoft-windows-fault-tolerant-heap%4operational.evtx","System.UInt32[]","System.Diagnostics.Eventing.Reader.EventBookmark","Information","Events logged when the FTH (fault tolerant heap) service is started.","Lifecycle Events","System.Collections.ObjectModel.ReadOnlyCollection`1[System.String]","System.Collections.Generic.List`1[System.Diagnostics.Eventing.Reader.EventProperty]"
"The Fault Tolerant Heap service started.","1001","0",,"4","1","11","4611686018695823360","28","Microsoft-Windows-Fault-Tolerant-Heap","6b93bf66-a922-4c11-a617-cf60d95c133d","Microsoft-Windows-Fault-Tolerant-Heap/Operational","1096","2212","rjaf-PC4429","S-1-5-19","9/19/2014 4:50:10 AM",,,"c:\users\mac_1\desktop\winevt\logs\microsoft-windows-fault-tolerant-heap%4operational.evtx","System.UInt32[]","System.Diagnostics.Eventing.Reader.EventBookmark","Information","Events logged when the FTH (fault tolerant heap) service is started.","Lifecycle Events","System.Collections.ObjectModel.ReadOnlyCollection`1[System.String]","System.Collections.Generic.List`1[System.Diagnostics.Eventing.Reader.EventProperty]"
"The Fault Tolerant Heap service stopped.","1002","0",,"4","1","12","4611686018695823360","27","Microsoft-Windows-Fault-Tolerant-Heap","6b93bf66-a922-4c11-a617-cf60d95c133d","Microsoft-Windows-Fault-Tolerant-Heap/Operational","1108","5800","rjaf-PC4429","S-1-5-19","7/25/2014 4:32:39 AM",,,"c:\users\mac_1\desktop\winevt\logs\microsoft-windows-fault-tolerant-heap%4operational.evtx","System.UInt32[]","System.Diagnostics.Eventing.Reader.EventBookmark","Information","Events logged when the FTH (fault tolerant heap) service is stopped.","Lifecycle Events","System.Collections.ObjectModel.ReadOnlyCollection`1[System.String]","System.Collections.Generic.List`1[System.Diagnostics.Eventing.Reader.EventProperty]"
"The Fault Tolerant Heap service started.","1001","0",,"4","1","11","4611686018695823360","26","Microsoft-Windows-Fault-Tolerant-Heap","6b93bf66-a922-4c11-a617-cf60d95c133d","Microsoft-Windows-Fault-Tolerant-Heap/Operational","1108","2344","rjaf-PC4429","S-1-5-19","7/19/2014 12:22:28 AM",,,"c:\users\mac_1\desktop\winevt\logs\microsoft-windows-fault-tolerant-heap%4operational.evtx","System.UInt32[]","System.Diagnostics.Eventing.Reader.EventBookmark","Information","Events logged when the FTH (fault tolerant heap) service is started.","Lifecycle Events","System.Collections.ObjectModel.ReadOnlyCollection`1[System.String]","System.Collections.Generic.List`1[System.Diagnostics.Eventing.Reader.EventProperty]"
"The Fault Tolerant Heap service stopped.","1002","0",,"4","1","12","4611686018695823360","25","Microsoft-Windows-Fault-Tolerant-Heap","6b93bf66-a922-4c11-a617-cf60d95c133d","Microsoft-Windows-Fault-Tolerant-Heap/Operational","1112","3476","rjaf-PC4429","S-1-5-19","6/23/2014 3:03:49 AM",,,"c:\users\mac_1\desktop\winevt\logs\microsoft-windows-fault-tolerant-heap%4operational.evtx","System.UInt32[]","System.Diagnostics.Eventing.Reader.EventBookmark","Information","Events logged when the FTH (fault tolerant heap) service is stopped.","Lifecycle Events","System.Collections.ObjectModel.ReadOnlyCollection`1[System.String]","System.Collections.Generic.List`1[System.Diagnostics.Eventing.Reader.EventProperty]"
"The Fault Tolerant Heap service started.","1001","0",,"4","1","11","4611686018695823360","24","Microsoft-Windows-Fault-Tolerant-Heap","6b93bf66-a922-4c11-a617-cf60d95c133d","Microsoft-Windows-Fault-Tolerant-Heap/Operational","1112","1840","rjaf-PC4429","S-1-5-19","6/22/2014 1:37:10 AM",,,"c:\users\mac_1\desktop\winevt\logs\microsoft-windows-fault-tolerant-heap%4operational.evtx","System.UInt32[]","System.Diagnostics.Eventing.Reader.EventBookmark","Information","Events logged when the FTH (fault tolerant heap) service is started.","Lifecycle Events","System.Collections.ObjectModel.ReadOnlyCollection`1[System.String]","System.Collections.Generic.List`1[System.Diagnostics.Eventing.Reader.EventProperty]"
"The Fault Tolerant Heap service stopped.","1002","0",,"4","1","12","4611686018695823360","23","Microsoft-Windows-Fault-Tolerant-Heap","6b93bf66-a922-4c11-a617-cf60d95c133d","Microsoft-Windows-Fault-Tolerant-Heap/Operational","1116","3176","rjaf-PC4429","S-1-5-19","5/7/2014 12:41:06 PM",,,"c:\users\mac_1\desktop\winevt\logs\microsoft-windows-fault-tolerant-heap%4operational.evtx","System.UInt32[]","System.Diagnostics.Eventing.Reader.EventBookmark","Information","Events logged when the FTH (fault tolerant heap) service is stopped.","Lifecycle Events","System.Collections.ObjectModel.ReadOnlyCollection`1[System.String]","System.Collections.Generic.List`1[System.Diagnostics.Eventing.Reader.EventProperty]"
"The Fault Tolerant Heap service started.","1001","0",,"4","1","11","4611686018695823360","22","Microsoft-Windows-Fault-Tolerant-Heap","6b93bf66-a922-4c11-a617-cf60d95c133d","Microsoft-Windows-Fault-Tolerant-Heap/Operational","1116","3392","rjaf-PC4429","S-1-5-19","5/5/2014 9:52:10 AM",,,"c:\users\mac_1\desktop\winevt\logs\microsoft-windows-fault-tolerant-heap%4operational.evtx","System.UInt32[]","System.Diagnostics.Eventing.Reader.EventBookmark","Information","Events logged when the FTH (fault tolerant heap) service is started.","Lifecycle Events","System.Collections.ObjectModel.ReadOnlyCollection`1[System.String]","System.Collections.Generic.List`1[System.Diagnostics.Eventing.Reader.EventProperty]"
"The Fault Tolerant Heap service stopped.","1002","0",,"4","1","12","4611686018695823360","21","Microsoft-Windows-Fault-Tolerant-Heap","6b93bf66-a922-4c11-a617-cf60d95c133d","Microsoft-Windows-Fault-Tolerant-Heap/Operational","1152","1932","rjaf-PC4429","S-1-5-19","1/8/2014 2:32:13 PM",,,"c:\users\mac_1\desktop\winevt\logs\microsoft-windows-fault-tolerant-heap%4operational.evtx","System.UInt32[]","System.Diagnostics.Eventing.Reader.EventBookmark","Information","Events logged when the FTH (fault tolerant heap) service is stopped.","Lifecycle Events","System.Collections.ObjectModel.ReadOnlyCollection`1[System.String]","System.Collections.Generic.List`1[System.Diagnostics.Eventing.Reader.EventProperty]"
"The Fault Tolerant Heap service started.","1001","0",,"4","1","11","4611686018695823360","20","Microsoft-Windows-Fault-Tolerant-Heap","6b93bf66-a922-4c11-a617-cf60d95c133d","Microsoft-Windows-Fault-Tolerant-Heap/Operational","1152","3036","rjaf-PC4429","S-1-5-19","1/8/2014 2:32:04 PM",,,"c:\users\mac_1\desktop\winevt\logs\microsoft-windows-fault-tolerant-heap%4operational.evtx","System.UInt32[]","System.Diagnostics.Eventing.Reader.EventBookmark","Information","Events logged when the FTH (fault tolerant heap) service is started.","Lifecycle Events","System.Collections.ObjectModel.ReadOnlyCollection`1[System.String]","System.Collections.Generic.List`1[System.Diagnostics.Eventing.Reader.EventProperty]"
"The Fault Tolerant Heap service started.","1001","0",,"4","1","11","4611686018695823360","19","Microsoft-Windows-Fault-Tolerant-Heap","6b93bf66-a922-4c11-a617-cf60d95c133d","Microsoft-Windows-Fault-Tolerant-Heap/Operational","1128","2344","rjaf-PC4429","S-1-5-19","1/8/2014 10:04:45 AM",,,"c:\users\mac_1\desktop\winevt\logs\microsoft-windows-fault-tolerant-heap%4operational.evtx","System.UInt32[]","System.Diagnostics.Eventing.Reader.EventBookmark","Information","Events logged when the FTH (fault tolerant heap) service is started.","Lifecycle Events","System.Collections.ObjectModel.ReadOnlyCollection`1[System.String]","System.Collections.Generic.List`1[System.Diagnostics.Eventing.Reader.EventProperty]"
"The Fault Tolerant Heap service stopped.","1002","0",,"4","1","12","4611686018695823360","18","Microsoft-Windows-Fault-Tolerant-Heap","6b93bf66-a922-4c11-a617-cf60d95c133d","Microsoft-Windows-Fault-Tolerant-Heap/Operational","1180","3752","rjaf-PC4429","S-1-5-19","1/6/2014 11:18:31 PM",,,"c:\users\mac_1\desktop\winevt\logs\microsoft-windows-fault-tolerant-heap%4operational.evtx","System.UInt32[]","System.Diagnostics.Eventing.Reader.EventBookmark","Information","Events logged when the FTH (fault tolerant heap) service is stopped.","Lifecycle Events","System.Collections.ObjectModel.ReadOnlyCollection`1[System.String]","System.Collections.Generic.List`1[System.Diagnostics.Eventing.Reader.EventProperty]"
"The Fault Tolerant Heap service started.","1001","0",,"4","1","11","4611686018695823360","17","Microsoft-Windows-Fault-Tolerant-Heap","6b93bf66-a922-4c11-a617-cf60d95c133d","Microsoft-Windows-Fault-Tolerant-Heap/Operational","1180","3980","rjaf-PC4429","S-1-5-19","1/5/2014 8:45:15 AM",,,"c:\users\mac_1\desktop\winevt\logs\microsoft-windows-fault-tolerant-heap%4operational.evtx","System.UInt32[]","System.Diagnostics.Eventing.Reader.EventBookmark","Information","Events logged when the FTH (fault tolerant heap) service is started.","Lifecycle Events","System.Collections.ObjectModel.ReadOnlyCollection`1[System.String]","System.Collections.Generic.List`1[System.Diagnostics.Eventing.Reader.EventProperty]"
"The Fault Tolerant Heap service stopped.","1002","0",,"4","1","12","4611686018695823360","16","Microsoft-Windows-Fault-Tolerant-Heap","6b93bf66-a922-4c11-a617-cf60d95c133d","Microsoft-Windows-Fault-Tolerant-Heap/Operational","1128","1036","rjaf-PC4429","S-1-5-19","1/1/2014 1:29:06 PM",,,"c:\users\mac_1\desktop\winevt\logs\microsoft-windows-fault-tolerant-heap%4operational.evtx","System.UInt32[]","System.Diagnostics.Eventing.Reader.EventBookmark","Information","Events logged when the FTH (fault tolerant heap) service is stopped.","Lifecycle Events","System.Collections.ObjectModel.ReadOnlyCollection`1[System.String]","System.Collections.Generic.List`1[System.Diagnostics.Eventing.Reader.EventProperty]"
"The Fault Tolerant Heap service started.","1001","0",,"4","1","11","4611686018695823360","15","Microsoft-Windows-Fault-Tolerant-Heap","6b93bf66-a922-4c11-a617-cf60d95c133d","Microsoft-Windows-Fault-Tolerant-Heap/Operational","1128","1880","rjaf-PC4429","S-1-5-19","1/1/2014 1:48:04 AM",,,"c:\users\mac_1\desktop\winevt\logs\microsoft-windows-fault-tolerant-heap%4operational.evtx","System.UInt32[]","System.Diagnostics.Eventing.Reader.EventBookmark","Information","Events logged when the FTH (fault tolerant heap) service is started.","Lifecycle Events","System.Collections.ObjectModel.ReadOnlyCollection`1[System.String]","System.Collections.Generic.List`1[System.Diagnostics.Eventing.Reader.EventProperty]"
"The Fault Tolerant Heap service stopped.","1002","0",,"4","1","12","4611686018695823360","14","Microsoft-Windows-Fault-Tolerant-Heap","6b93bf66-a922-4c11-a617-cf60d95c133d","Microsoft-Windows-Fault-Tolerant-Heap/Operational","1140","2108","rjaf-PC4429","S-1-5-19","12/30/2013 1:21:44 PM",,,"c:\users\mac_1\desktop\winevt\logs\microsoft-windows-fault-tolerant-heap%4operational.evtx","System.UInt32[]","System.Diagnostics.Eventing.Reader.EventBookmark","Information","Events logged when the FTH (fault tolerant heap) service is stopped.","Lifecycle Events","System.Collections.ObjectModel.ReadOnlyCollection`1[System.String]","System.Collections.Generic.List`1[System.Diagnostics.Eventing.Reader.EventProperty]"
"The Fault Tolerant Heap service started.","1001","0",,"4","1","11","4611686018695823360","13","Microsoft-Windows-Fault-Tolerant-Heap","6b93bf66-a922-4c11-a617-cf60d95c133d","Microsoft-Windows-Fault-Tolerant-Heap/Operational","1140","2128","rjaf-PC4429","S-1-5-19","12/30/2013 1:05:11 PM",,,"c:\users\mac_1\desktop\winevt\logs\microsoft-windows-fault-tolerant-heap%4operational.evtx","System.UInt32[]","System.Diagnostics.Eventing.Reader.EventBookmark","Information","Events logged when the FTH (fault tolerant heap) service is started.","Lifecycle Events","System.Collections.ObjectModel.ReadOnlyCollection`1[System.String]","System.Collections.Generic.List`1[System.Diagnostics.Eventing.Reader.EventProperty]"
"The Fault Tolerant Heap service stopped.","1002","0",,"4","1","12","4611686018695823360","12","Microsoft-Windows-Fault-Tolerant-Heap","6b93bf66-a922-4c11-a617-cf60d95c133d","Microsoft-Windows-Fault-Tolerant-Heap/Operational","1100","1868","rjaf-PC4429","S-1-5-19","12/17/2013 11:56:24 PM",,,"c:\users\mac_1\desktop\winevt\logs\microsoft-windows-fault-tolerant-heap%4operational.evtx","System.UInt32[]","System.Diagnostics.Eventing.Reader.EventBookmark","Information","Events logged when the FTH (fault tolerant heap) service is stopped.","Lifecycle Events","System.Collections.ObjectModel.ReadOnlyCollection`1[System.String]","System.Collections.Generic.List`1[System.Diagnostics.Eventing.Reader.EventProperty]"
"The Fault Tolerant Heap service started.","1001","0",,"4","1","11","4611686018695823360","11","Microsoft-Windows-Fault-Tolerant-Heap","6b93bf66-a922-4c11-a617-cf60d95c133d","Microsoft-Windows-Fault-Tolerant-Heap/Operational","1100","3500","rjaf-PC4429","S-1-5-19","12/17/2013 7:26:55 PM",,,"c:\users\mac_1\desktop\winevt\logs\microsoft-windows-fault-tolerant-heap%4operational.evtx","System.UInt32[]","System.Diagnostics.Eventing.Reader.EventBookmark","Information","Events logged when the FTH (fault tolerant heap) service is started.","Lifecycle Events","System.Collections.ObjectModel.ReadOnlyCollection`1[System.String]","System.Collections.Generic.List`1[System.Diagnostics.Eventing.Reader.EventProperty]"
"The Fault Tolerant Heap service stopped.","1002","0",,"4","1","12","4611686018695823360","10","Microsoft-Windows-Fault-Tolerant-Heap","6b93bf66-a922-4c11-a617-cf60d95c133d","Microsoft-Windows-Fault-Tolerant-Heap/Operational","1128","4040","rjaf-PC4429","S-1-5-19","12/15/2013 11:56:53 AM",,,"c:\users\mac_1\desktop\winevt\logs\microsoft-windows-fault-tolerant-heap%4operational.evtx","System.UInt32[]","System.Diagnostics.Eventing.Reader.EventBookmark","Information","Events logged when the FTH (fault tolerant heap) service is stopped.","Lifecycle Events","System.Collections.ObjectModel.ReadOnlyCollection`1[System.String]","System.Collections.Generic.List`1[System.Diagnostics.Eventing.Reader.EventProperty]"
"The Fault Tolerant Heap service started.","1001","0",,"4","1","11","4611686018695823360","9","Microsoft-Windows-Fault-Tolerant-Heap","6b93bf66-a922-4c11-a617-cf60d95c133d","Microsoft-Windows-Fault-Tolerant-Heap/Operational","1128","2228","rjaf-PC4429","S-1-5-19","12/15/2013 12:39:23 AM",,,"c:\users\mac_1\desktop\winevt\logs\microsoft-windows-fault-tolerant-heap%4operational.evtx","System.UInt32[]","System.Diagnostics.Eventing.Reader.EventBookmark","Information","Events logged when the FTH (fault tolerant heap) service is started.","Lifecycle Events","System.Collections.ObjectModel.ReadOnlyCollection`1[System.String]","System.Collections.Generic.List`1[System.Diagnostics.Eventing.Reader.EventProperty]"
"The Fault Tolerant Heap service stopped.","1002","0",,"4","1","12","4611686018695823360","8","Microsoft-Windows-Fault-Tolerant-Heap","6b93bf66-a922-4c11-a617-cf60d95c133d","Microsoft-Windows-Fault-Tolerant-Heap/Operational","1188","3680","rjaf-PC4429","S-1-5-19","12/13/2013 9:39:21 AM",,,"c:\users\mac_1\desktop\winevt\logs\microsoft-windows-fault-tolerant-heap%4operational.evtx","System.UInt32[]","System.Diagnostics.Eventing.Reader.EventBookmark","Information","Events logged when the FTH (fault tolerant heap) service is stopped.","Lifecycle Events","System.Collections.ObjectModel.ReadOnlyCollection`1[System.String]","System.Collections.Generic.List`1[System.Diagnostics.Eventing.Reader.EventProperty]"
"The Fault Tolerant Heap service started.","1001","0",,"4","1","11","4611686018695823360","7","Microsoft-Windows-Fault-Tolerant-Heap","6b93bf66-a922-4c11-a617-cf60d95c133d","Microsoft-Windows-Fault-Tolerant-Heap/Operational","1188","3680","rjaf-PC4429","S-1-5-19","12/13/2013 9:39:19 AM",,,"c:\users\mac_1\desktop\winevt\logs\microsoft-windows-fault-tolerant-heap%4operational.evtx","System.UInt32[]","System.Diagnostics.Eventing.Reader.EventBookmark","Information","Events logged when the FTH (fault tolerant heap) service is started.","Lifecycle Events","System.Collections.ObjectModel.ReadOnlyCollection`1[System.String]","System.Collections.Generic.List`1[System.Diagnostics.Eventing.Reader.EventProperty]"
"The Fault Tolerant Heap service stopped.","1002","0",,"4","1","12","4611686018695823360","6","Microsoft-Windows-Fault-Tolerant-Heap","6b93bf66-a922-4c11-a617-cf60d95c133d","Microsoft-Windows-Fault-Tolerant-Heap/Operational","1120","3720","rjaf-PC4429","S-1-5-19","12/12/2013 10:58:19 AM",,,"c:\users\mac_1\desktop\winevt\logs\microsoft-windows-fault-tolerant-heap%4operational.evtx","System.UInt32[]","System.Diagnostics.Eventing.Reader.EventBookmark","Information","Events logged when the FTH (fault tolerant heap) service is stopped.","Lifecycle Events","System.Collections.ObjectModel.ReadOnlyCollection`1[System.String]","System.Collections.Generic.List`1[System.Diagnostics.Eventing.Reader.EventProperty]"
"The Fault Tolerant Heap service started.","1001","0",,"4","1","11","4611686018695823360","5","Microsoft-Windows-Fault-Tolerant-Heap","6b93bf66-a922-4c11-a617-cf60d95c133d","Microsoft-Windows-Fault-Tolerant-Heap/Operational","1120","2652","rjaf-PC4429","S-1-5-19","12/12/2013 10:57:57 AM",,,"c:\users\mac_1\desktop\winevt\logs\microsoft-windows-fault-tolerant-heap%4operational.evtx","System.UInt32[]","System.Diagnostics.Eventing.Reader.EventBookmark","Information","Events logged when the FTH (fault tolerant heap) service is started.","Lifecycle Events","System.Collections.ObjectModel.ReadOnlyCollection`1[System.String]","System.Collections.Generic.List`1[System.Diagnostics.Eventing.Reader.EventProperty]"
"The Fault Tolerant Heap service stopped.","1002","0",,"4","1","12","4611686018695823360","4","Microsoft-Windows-Fault-Tolerant-Heap","6b93bf66-a922-4c11-a617-cf60d95c133d","Microsoft-Windows-Fault-Tolerant-Heap/Operational","1088","2980","rjaf-PC4429","S-1-5-19","12/11/2013 10:41:37 AM",,,"c:\users\mac_1\desktop\winevt\logs\microsoft-windows-fault-tolerant-heap%4operational.evtx","System.UInt32[]","System.Diagnostics.Eventing.Reader.EventBookmark","Information","Events logged when the FTH (fault tolerant heap) service is stopped.","Lifecycle Events","System.Collections.ObjectModel.ReadOnlyCollection`1[System.String]","System.Collections.Generic.List`1[System.Diagnostics.Eventing.Reader.EventProperty]"
"The Fault Tolerant Heap service started.","1001","0",,"4","1","11","4611686018695823360","3","Microsoft-Windows-Fault-Tolerant-Heap","6b93bf66-a922-4c11-a617-cf60d95c133d","Microsoft-Windows-Fault-Tolerant-Heap/Operational","1088","2980","rjaf-PC4429","S-1-5-19","12/11/2013 10:41:34 AM",,,"c:\users\mac_1\desktop\winevt\logs\microsoft-windows-fault-tolerant-heap%4operational.evtx","System.UInt32[]","System.Diagnostics.Eventing.Reader.EventBookmark","Information","Events logged when the FTH (fault tolerant heap) service is started.","Lifecycle Events","System.Collections.ObjectModel.ReadOnlyCollection`1[System.String]","System.Collections.Generic.List`1[System.Diagnostics.Eventing.Reader.EventProperty]"
"The Fault Tolerant Heap service stopped.","1002","0",,"4","1","12","4611686018695823360","2","Microsoft-Windows-Fault-Tolerant-Heap","6b93bf66-a922-4c11-a617-cf60d95c133d","Microsoft-Windows-Fault-Tolerant-Heap/Operational","1164","3016","rjaf-PC4429","S-1-5-19","12/11/2013 4:21:25 AM",,,"c:\users\mac_1\desktop\winevt\logs\microsoft-windows-fault-tolerant-heap%4operational.evtx","System.UInt32[]","System.Diagnostics.Eventing.Reader.EventBookmark","Information","Events logged when the FTH (fault tolerant heap) service is stopped.","Lifecycle Events","System.Collections.ObjectModel.ReadOnlyCollection`1[System.String]","System.Collections.Generic.List`1[System.Diagnostics.Eventing.Reader.EventProperty]"
"The Fault Tolerant Heap service started.","1001","0",,"4","1","11","4611686018695823360","1","Microsoft-Windows-Fault-Tolerant-Heap","6b93bf66-a922-4c11-a617-cf60d95c133d","Microsoft-Windows-Fault-Tolerant-Heap/Operational","1164","3616","rjaf-PC4429","S-1-5-19","12/11/2013 4:05:56 AM",,,"c:\users\mac_1\desktop\winevt\logs\microsoft-windows-fault-tolerant-heap%4operational.evtx","System.UInt32[]","System.Diagnostics.Eventing.Reader.EventBookmark","Information","Events logged when the FTH (fault tolerant heap) service is started.","Lifecycle Events","System.Collections.ObjectModel.ReadOnlyCollection`1[System.String]","System.Collections.Generic.List`1[System.Diagnostics.Eventing.Reader.EventProperty]"
