#TYPE System.Diagnostics.Eventing.Reader.EventLogRecord
"Message","Id","Version","Qualifiers","Level","Task","Opcode","Keywords","RecordId","ProviderName","ProviderId","LogName","ProcessId","ThreadId","MachineName","UserId","TimeCreated","ActivityId","RelatedActivityId","ContainerLog","MatchedQueryIds","Bookmark","LevelDisplayName","OpcodeDisplayName","TaskDisplayName","KeywordsDisplayNames","Properties"
"Network location has been selected.  Network: %1 Location: %2","1007","0",,"4","0","0","4611686018427387904","5","Microsoft-Windows-PrimaryNetworkIcon","8ce93926-bdae-4409-9155-2fe4799ef4d3","Microsoft-Windows-NetworkLocationWizard/Operational","2164","1284","rjaf-PC4429","S-1-5-21-1634558665-2257203147-3060767804-500","8/16/2015 5:43:24 AM",,,"c:\users\mac_1\desktop\winevt\logs\microsoft-windows-networklocationwizard%4operational.evtx","System.UInt32[]","System.Diagnostics.Eventing.Reader.EventBookmark","Information","Info",,"System.Collections.ObjectModel.ReadOnlyCollection`1[System.String]","System.Collections.Generic.List`1[System.Diagnostics.Eventing.Reader.EventProperty]"
"Network location wizard has been suppressed by a user through the UI.","1002","0",,"4","0","0","4611686018427387904","4","Microsoft-Windows-PrimaryNetworkIcon","8ce93926-bdae-4409-9155-2fe4799ef4d3","Microsoft-Windows-NetworkLocationWizard/Operational","2156","4036","rjaf-PC4429","S-1-5-21-1634558665-2257203147-3060767804-1000","5/21/2014 3:10:49 AM",,,"c:\users\mac_1\desktop\winevt\logs\microsoft-windows-networklocationwizard%4operational.evtx","System.UInt32[]","System.Diagnostics.Eventing.Reader.EventBookmark","Information","Info",,"System.Collections.ObjectModel.ReadOnlyCollection`1[System.String]","System.Collections.Generic.List`1[System.Diagnostics.Eventing.Reader.EventProperty]"
"Network location has been selected.  Network: %1 Location: %2","1007","0",,"4","0","0","4611686018427387904","3","Microsoft-Windows-PrimaryNetworkIcon","8ce93926-bdae-4409-9155-2fe4799ef4d3","Microsoft-Windows-NetworkLocationWizard/Operational","3476","3380","rjaf-PC4429","S-1-5-21-1634558665-2257203147-3060767804-1000","12/22/2013 10:22:44 AM",,,"c:\users\mac_1\desktop\winevt\logs\microsoft-windows-networklocationwizard%4operational.evtx","System.UInt32[]","System.Diagnostics.Eventing.Reader.EventBookmark","Information","Info",,"System.Collections.ObjectModel.ReadOnlyCollection`1[System.String]","System.Collections.Generic.List`1[System.Diagnostics.Eventing.Reader.EventProperty]"
"Network location has been selected.  Network: %1 Location: %2","1007","0",,"4","0","0","4611686018427387904","2","Microsoft-Windows-PrimaryNetworkIcon","8ce93926-bdae-4409-9155-2fe4799ef4d3","Microsoft-Windows-NetworkLocationWizard/Operational","1556","2596","rjaf-PC4429","S-1-5-21-1634558665-2257203147-3060767804-1000","12/10/2013 6:03:43 AM",,,"c:\users\mac_1\desktop\winevt\logs\microsoft-windows-networklocationwizard%4operational.evtx","System.UInt32[]","System.Diagnostics.Eventing.Reader.EventBookmark","Information","Info",,"System.Collections.ObjectModel.ReadOnlyCollection`1[System.String]","System.Collections.Generic.List`1[System.Diagnostics.Eventing.Reader.EventProperty]"
"Network location has been selected.  Network: %1 Location: %2","1007","0",,"4","0","0","4611686018427387904","1","Microsoft-Windows-PrimaryNetworkIcon","8ce93926-bdae-4409-9155-2fe4799ef4d3","Microsoft-Windows-NetworkLocationWizard/Operational","1804","2136","rjaf-PC","S-1-5-21-1634558665-2257203147-3060767804-1000","12/3/2013 8:56:44 PM",,,"c:\users\mac_1\desktop\winevt\logs\microsoft-windows-networklocationwizard%4operational.evtx","System.UInt32[]","System.Diagnostics.Eventing.Reader.EventBookmark","Information","Info",,"System.Collections.ObjectModel.ReadOnlyCollection`1[System.String]","System.Collections.Generic.List`1[System.Diagnostics.Eventing.Reader.EventProperty]"
