#TYPE System.Diagnostics.Eventing.Reader.EventLogRecord
"Message","Id","Version","Qualifiers","Level","Task","Opcode","Keywords","RecordId","ProviderName","ProviderId","LogName","ProcessId","ThreadId","MachineName","UserId","TimeCreated","ActivityId","RelatedActivityId","ContainerLog","MatchedQueryIds","Bookmark","LevelDisplayName","OpcodeDisplayName","TaskDisplayName","KeywordsDisplayNames","Properties"
"The system time zone was set successfully to ""Israel Standard Time"".","20001","0",,"4","31","33","-9223372036854775808","6","Microsoft-Windows-DateTimeControlPanel","741fc222-44ed-4ba7-98e3-f405b2d2c4b4","Microsoft-Windows-DateTimeControlPanel/Operational","3104","2088","rjaf-PC4429","S-1-5-21-1634558665-2257203147-3060767804-1000","12/23/2013 5:43:19 AM",,,"c:\users\mac_1\desktop\winevt\logs\microsoft-windows-datetimecontrolpanel%4operational.evtx","System.UInt32[]","System.Diagnostics.Eventing.Reader.EventBookmark","Information","Date/Time Control Panel Applet operations","Date/Time Control Panel Applet time zone functionality","System.Collections.ObjectModel.ReadOnlyCollection`1[System.String]","System.Collections.Generic.List`1[System.Diagnostics.Eventing.Reader.EventProperty]"
"The system time zone was set successfully to ""Jordan Standard Time"".","20001","0",,"4","31","33","-9223372036854775808","5","Microsoft-Windows-DateTimeControlPanel","741fc222-44ed-4ba7-98e3-f405b2d2c4b4","Microsoft-Windows-DateTimeControlPanel/Operational","3104","2088","rjaf-PC4429","S-1-5-21-1634558665-2257203147-3060767804-1000","12/23/2013 5:43:02 AM",,,"c:\users\mac_1\desktop\winevt\logs\microsoft-windows-datetimecontrolpanel%4operational.evtx","System.UInt32[]","System.Diagnostics.Eventing.Reader.EventBookmark","Information","Date/Time Control Panel Applet operations","Date/Time Control Panel Applet time zone functionality","System.Collections.ObjectModel.ReadOnlyCollection`1[System.String]","System.Collections.Generic.List`1[System.Diagnostics.Eventing.Reader.EventProperty]"
"The system time was set successfully with the following parameters: wYear: 2013, wMonth: 12, wDayOfWeek: 1, wDay: 16, wHour: 22, wMinute: 52, wSecond: 0, wMilliseconds: 0.","20000","0",,"4","31","33","-9223372036854775808","4","Microsoft-Windows-DateTimeControlPanel","741fc222-44ed-4ba7-98e3-f405b2d2c4b4","Microsoft-Windows-DateTimeControlPanel/Operational","916","1768","rjaf-PC4429","S-1-5-21-1634558665-2257203147-3060767804-1000","12/16/2013 10:52:00 PM",,,"c:\users\mac_1\desktop\winevt\logs\microsoft-windows-datetimecontrolpanel%4operational.evtx","System.UInt32[]","System.Diagnostics.Eventing.Reader.EventBookmark","Information","Date/Time Control Panel Applet operations","Date/Time Control Panel Applet time zone functionality","System.Collections.ObjectModel.ReadOnlyCollection`1[System.String]","System.Collections.Generic.List`1[System.Diagnostics.Eventing.Reader.EventProperty]"
"The system time was set successfully with the following parameters: wYear: 2013, wMonth: 12, wDayOfWeek: 1, wDay: 16, wHour: 10, wMinute: 51, wSecond: 56, wMilliseconds: 0.","20000","0",,"4","31","33","-9223372036854775808","3","Microsoft-Windows-DateTimeControlPanel","741fc222-44ed-4ba7-98e3-f405b2d2c4b4","Microsoft-Windows-DateTimeControlPanel/Operational","916","1768","rjaf-PC4429","S-1-5-21-1634558665-2257203147-3060767804-1000","12/16/2013 10:51:56 AM",,,"c:\users\mac_1\desktop\winevt\logs\microsoft-windows-datetimecontrolpanel%4operational.evtx","System.UInt32[]","System.Diagnostics.Eventing.Reader.EventBookmark","Information","Date/Time Control Panel Applet operations","Date/Time Control Panel Applet time zone functionality","System.Collections.ObjectModel.ReadOnlyCollection`1[System.String]","System.Collections.Generic.List`1[System.Diagnostics.Eventing.Reader.EventProperty]"
"The system time was set successfully with the following parameters: wYear: 2013, wMonth: 12, wDayOfWeek: 2, wDay: 10, wHour: 9, wMinute: 4, wSecond: 21, wMilliseconds: 0.","20000","0",,"4","31","33","-9223372036854775808","2","Microsoft-Windows-DateTimeControlPanel","741fc222-44ed-4ba7-98e3-f405b2d2c4b4","Microsoft-Windows-DateTimeControlPanel/Operational","3800","380","rjaf-PC4429","S-1-5-21-1634558665-2257203147-3060767804-1000","12/10/2013 9:04:21 AM",,,"c:\users\mac_1\desktop\winevt\logs\microsoft-windows-datetimecontrolpanel%4operational.evtx","System.UInt32[]","System.Diagnostics.Eventing.Reader.EventBookmark","Information","Date/Time Control Panel Applet operations","Date/Time Control Panel Applet time zone functionality","System.Collections.ObjectModel.ReadOnlyCollection`1[System.String]","System.Collections.Generic.List`1[System.Diagnostics.Eventing.Reader.EventProperty]"
"The system time was set successfully with the following parameters: wYear: 2013, wMonth: 12, wDayOfWeek: 2, wDay: 3, wHour: 20, wMinute: 49, wSecond: 21, wMilliseconds: 0.","20000","0",,"4","31","33","-9223372036854775808","1","Microsoft-Windows-DateTimeControlPanel","741fc222-44ed-4ba7-98e3-f405b2d2c4b4","Microsoft-Windows-DateTimeControlPanel/Operational","1052","320","rjaf-PC","S-1-5-21-1634558665-2257203147-3060767804-1000","12/3/2013 8:49:21 PM",,,"c:\users\mac_1\desktop\winevt\logs\microsoft-windows-datetimecontrolpanel%4operational.evtx","System.UInt32[]","System.Diagnostics.Eventing.Reader.EventBookmark","Information","Date/Time Control Panel Applet operations","Date/Time Control Panel Applet time zone functionality","System.Collections.ObjectModel.ReadOnlyCollection`1[System.String]","System.Collections.Generic.List`1[System.Diagnostics.Eventing.Reader.EventProperty]"
