#TYPE System.Diagnostics.Eventing.Reader.EventLogRecord
"Message","Id","Version","Qualifiers","Level","Task","Opcode","Keywords","RecordId","ProviderName","ProviderId","LogName","ProcessId","ThreadId","MachineName","UserId","TimeCreated","ActivityId","RelatedActivityId","ContainerLog","MatchedQueryIds","Bookmark","LevelDisplayName","OpcodeDisplayName","TaskDisplayName","KeywordsDisplayNames","Properties"
"The default printer was changed to Brother HL-2140 series,winspool,Ne02:. See the event user data for context information.","823","0",,"4","49","11","-9223372036854644736","6","Microsoft-Windows-PrintService","747ef6fd-e535-4d16-b510-42c90f6873a1","Microsoft-Windows-PrintService/Admin","1740","1744","rjaf-PC4429","S-1-5-21-1634558665-2257203147-3060767804-500","8/16/2015 4:07:53 AM",,,"c:\users\mac_1\desktop\winevt\logs\microsoft-windows-printservice%4admin.evtx","System.UInt32[]","System.Diagnostics.Eventing.Reader.EventBookmark","Information","Spooler Operation Succeeded","Changing the default printer","System.Collections.ObjectModel.ReadOnlyCollection`1[System.String]","System.Collections.Generic.List`1[System.Diagnostics.Eventing.Reader.EventProperty]"
"Document  failed to print and was deleted because of corruption in the spooled file. The associated driver is: . Try printing the document again.","350","0",,"2","26","12","-9223372036854773696","5","Microsoft-Windows-PrintService","747ef6fd-e535-4d16-b510-42c90f6873a1","Microsoft-Windows-PrintService/Admin","1456","1520","rjaf-PC4429","S-1-5-18","8/16/2014 6:08:35 AM",,,"c:\users\mac_1\desktop\winevt\logs\microsoft-windows-printservice%4admin.evtx","System.UInt32[]","System.Diagnostics.Eventing.Reader.EventBookmark","Error","Spooler Operation Failed","Printing a document","System.Collections.ObjectModel.ReadOnlyCollection`1[System.String]","System.Collections.Generic.List`1[System.Diagnostics.Eventing.Reader.EventProperty]"
"Document  failed to print and was deleted because of corruption in the spooled file. The associated driver is: . Try printing the document again.","350","0",,"2","26","12","-9223372036854773696","4","Microsoft-Windows-PrintService","747ef6fd-e535-4d16-b510-42c90f6873a1","Microsoft-Windows-PrintService/Admin","1456","1520","rjaf-PC4429","S-1-5-18","8/15/2014 12:12:02 AM",,,"c:\users\mac_1\desktop\winevt\logs\microsoft-windows-printservice%4admin.evtx","System.UInt32[]","System.Diagnostics.Eventing.Reader.EventBookmark","Error","Spooler Operation Failed","Printing a document","System.Collections.ObjectModel.ReadOnlyCollection`1[System.String]","System.Collections.Generic.List`1[System.Diagnostics.Eventing.Reader.EventProperty]"
"The default printer was changed to Brother HL-2140 series,winspool,Ne02:. See the event user data for context information.","823","0",,"4","49","11","-9223372036854644736","3","Microsoft-Windows-PrintService","747ef6fd-e535-4d16-b510-42c90f6873a1","Microsoft-Windows-PrintService/Admin","1476","1504","rjaf-PC4429","S-1-5-18","7/31/2014 12:39:22 PM",,,"c:\users\mac_1\desktop\winevt\logs\microsoft-windows-printservice%4admin.evtx","System.UInt32[]","System.Diagnostics.Eventing.Reader.EventBookmark","Information","Spooler Operation Succeeded","Changing the default printer","System.Collections.ObjectModel.ReadOnlyCollection`1[System.String]","System.Collections.Generic.List`1[System.Diagnostics.Eventing.Reader.EventProperty]"
"The default printer was changed to Brother HL-2140 series. See the event user data for context information.","823","0",,"4","49","11","-9223372036854644736","2","Microsoft-Windows-PrintService","747ef6fd-e535-4d16-b510-42c90f6873a1","Microsoft-Windows-PrintService/Admin","1300","2652","rjaf-PC4429","S-1-5-21-1634558665-2257203147-3060767804-1000","12/10/2013 7:49:56 PM",,,"c:\users\mac_1\desktop\winevt\logs\microsoft-windows-printservice%4admin.evtx","System.UInt32[]","System.Diagnostics.Eventing.Reader.EventBookmark","Information","Spooler Operation Succeeded","Changing the default printer","System.Collections.ObjectModel.ReadOnlyCollection`1[System.String]","System.Collections.Generic.List`1[System.Diagnostics.Eventing.Reader.EventProperty]"
"The default printer was changed to Microsoft XPS Document Writer,winspool,Ne00:. See the event user data for context information.","823","0",,"4","49","11","-9223372036854644736","1","Microsoft-Windows-PrintService","747ef6fd-e535-4d16-b510-42c90f6873a1","Microsoft-Windows-PrintService/Admin","1468","1516","rjaf-PC","S-1-5-18","12/2/2013 8:48:40 PM",,,"c:\users\mac_1\desktop\winevt\logs\microsoft-windows-printservice%4admin.evtx","System.UInt32[]","System.Diagnostics.Eventing.Reader.EventBookmark","Information","Spooler Operation Succeeded","Changing the default printer","System.Collections.ObjectModel.ReadOnlyCollection`1[System.String]","System.Collections.Generic.List`1[System.Diagnostics.Eventing.Reader.EventProperty]"
