#TYPE System.Diagnostics.Eventing.Reader.EventLogRecord
"Message","Id","Version","Qualifiers","Level","Task","Opcode","Keywords","RecordId","ProviderName","ProviderId","LogName","ProcessId","ThreadId","MachineName","UserId","TimeCreated","ActivityId","RelatedActivityId","ContainerLog","MatchedQueryIds","Bookmark","LevelDisplayName","OpcodeDisplayName","TaskDisplayName","KeywordsDisplayNames","Properties"
"Gateway resolution failed on interface {9819BC20-693D-4F54-9CE8-7BFD5AD735CE} for 60.70.80.1 with error: 0x43","4205","0",,"2","3","21","4611686018427387906","53","Microsoft-Windows-NlaSvc","63b530f8-29c9-4880-a5b4-b8179096e7b8","Microsoft-Windows-NlaSvc/Operational","1520","1268","rjaf-PC4429","S-1-5-20","8/16/2015 5:23:17 AM",,,"c:\users\mac_1\desktop\winevt\logs\microsoft-windows-nlasvc%4operational.evtx","System.UInt32[]","System.Diagnostics.Eventing.Reader.EventBookmark","Error",,"Gateway Resolution","System.Collections.ObjectModel.ReadOnlyCollection`1[System.String]","System.Collections.Generic.List`1[System.Diagnostics.Eventing.Reader.EventProperty]"
"Gateway resolution failed on interface {9819BC20-693D-4F54-9CE8-7BFD5AD735CE} for 60.70.80.1 with error: 0x43","4205","0",,"2","3","21","4611686018427387906","52","Microsoft-Windows-NlaSvc","63b530f8-29c9-4880-a5b4-b8179096e7b8","Microsoft-Windows-NlaSvc/Operational","1520","1268","rjaf-PC4429","S-1-5-20","8/16/2015 5:23:13 AM",,,"c:\users\mac_1\desktop\winevt\logs\microsoft-windows-nlasvc%4operational.evtx","System.UInt32[]","System.Diagnostics.Eventing.Reader.EventBookmark","Error",,"Gateway Resolution","System.Collections.ObjectModel.ReadOnlyCollection`1[System.String]","System.Collections.Generic.List`1[System.Diagnostics.Eventing.Reader.EventProperty]"
"Gateway resolution failed on interface {9819BC20-693D-4F54-9CE8-7BFD5AD735CE} for 60.70.80.1 with error: 0x43","4205","0",,"2","3","21","4611686018427387906","51","Microsoft-Windows-NlaSvc","63b530f8-29c9-4880-a5b4-b8179096e7b8","Microsoft-Windows-NlaSvc/Operational","1520","1268","rjaf-PC4429","S-1-5-20","8/16/2015 5:23:10 AM",,,"c:\users\mac_1\desktop\winevt\logs\microsoft-windows-nlasvc%4operational.evtx","System.UInt32[]","System.Diagnostics.Eventing.Reader.EventBookmark","Error",,"Gateway Resolution","System.Collections.ObjectModel.ReadOnlyCollection`1[System.String]","System.Collections.Generic.List`1[System.Diagnostics.Eventing.Reader.EventProperty]"
"Gateway resolution failed on interface {9819BC20-693D-4F54-9CE8-7BFD5AD735CE} for 60.70.80.1 with error: 0x43","4205","0",,"2","3","21","4611686018427387906","50","Microsoft-Windows-NlaSvc","63b530f8-29c9-4880-a5b4-b8179096e7b8","Microsoft-Windows-NlaSvc/Operational","1520","1268","rjaf-PC4429","S-1-5-20","8/16/2015 5:23:07 AM",,,"c:\users\mac_1\desktop\winevt\logs\microsoft-windows-nlasvc%4operational.evtx","System.UInt32[]","System.Diagnostics.Eventing.Reader.EventBookmark","Error",,"Gateway Resolution","System.Collections.ObjectModel.ReadOnlyCollection`1[System.String]","System.Collections.Generic.List`1[System.Diagnostics.Eventing.Reader.EventProperty]"
"Gateway resolution failed on interface {9819BC20-693D-4F54-9CE8-7BFD5AD735CE} for 60.70.80.1 with error: 0x43","4205","0",,"2","3","21","4611686018427387906","49","Microsoft-Windows-NlaSvc","63b530f8-29c9-4880-a5b4-b8179096e7b8","Microsoft-Windows-NlaSvc/Operational","1520","1268","rjaf-PC4429","S-1-5-20","8/16/2015 5:23:04 AM",,,"c:\users\mac_1\desktop\winevt\logs\microsoft-windows-nlasvc%4operational.evtx","System.UInt32[]","System.Diagnostics.Eventing.Reader.EventBookmark","Error",,"Gateway Resolution","System.Collections.ObjectModel.ReadOnlyCollection`1[System.String]","System.Collections.Generic.List`1[System.Diagnostics.Eventing.Reader.EventProperty]"
"Gateway resolution failed on interface {9819BC20-693D-4F54-9CE8-7BFD5AD735CE} for 60.70.80.1 with error: 0x43","4205","0",,"2","3","21","4611686018427387906","48","Microsoft-Windows-NlaSvc","63b530f8-29c9-4880-a5b4-b8179096e7b8","Microsoft-Windows-NlaSvc/Operational","1520","1268","rjaf-PC4429","S-1-5-20","8/16/2015 5:23:01 AM",,,"c:\users\mac_1\desktop\winevt\logs\microsoft-windows-nlasvc%4operational.evtx","System.UInt32[]","System.Diagnostics.Eventing.Reader.EventBookmark","Error",,"Gateway Resolution","System.Collections.ObjectModel.ReadOnlyCollection`1[System.String]","System.Collections.Generic.List`1[System.Diagnostics.Eventing.Reader.EventProperty]"
"Gateway resolution failed on interface {9819BC20-693D-4F54-9CE8-7BFD5AD735CE} for 60.70.80.1 with error: 0x43","4205","0",,"2","3","21","4611686018427387906","47","Microsoft-Windows-NlaSvc","63b530f8-29c9-4880-a5b4-b8179096e7b8","Microsoft-Windows-NlaSvc/Operational","1520","3636","rjaf-PC4429","S-1-5-20","8/16/2015 5:20:27 AM",,,"c:\users\mac_1\desktop\winevt\logs\microsoft-windows-nlasvc%4operational.evtx","System.UInt32[]","System.Diagnostics.Eventing.Reader.EventBookmark","Error",,"Gateway Resolution","System.Collections.ObjectModel.ReadOnlyCollection`1[System.String]","System.Collections.Generic.List`1[System.Diagnostics.Eventing.Reader.EventProperty]"
"Gateway resolution failed on interface {9819BC20-693D-4F54-9CE8-7BFD5AD735CE} for 60.70.80.1 with error: 0x43","4205","0",,"2","3","21","4611686018427387906","46","Microsoft-Windows-NlaSvc","63b530f8-29c9-4880-a5b4-b8179096e7b8","Microsoft-Windows-NlaSvc/Operational","1520","3636","rjaf-PC4429","S-1-5-20","8/16/2015 5:20:24 AM",,,"c:\users\mac_1\desktop\winevt\logs\microsoft-windows-nlasvc%4operational.evtx","System.UInt32[]","System.Diagnostics.Eventing.Reader.EventBookmark","Error",,"Gateway Resolution","System.Collections.ObjectModel.ReadOnlyCollection`1[System.String]","System.Collections.Generic.List`1[System.Diagnostics.Eventing.Reader.EventProperty]"
"Gateway resolution failed on interface {9819BC20-693D-4F54-9CE8-7BFD5AD735CE} for 60.70.80.1 with error: 0x43","4205","0",,"2","3","21","4611686018427387906","45","Microsoft-Windows-NlaSvc","63b530f8-29c9-4880-a5b4-b8179096e7b8","Microsoft-Windows-NlaSvc/Operational","1520","3636","rjaf-PC4429","S-1-5-20","8/16/2015 5:20:21 AM",,,"c:\users\mac_1\desktop\winevt\logs\microsoft-windows-nlasvc%4operational.evtx","System.UInt32[]","System.Diagnostics.Eventing.Reader.EventBookmark","Error",,"Gateway Resolution","System.Collections.ObjectModel.ReadOnlyCollection`1[System.String]","System.Collections.Generic.List`1[System.Diagnostics.Eventing.Reader.EventProperty]"
"Gateway resolution failed on interface {9819BC20-693D-4F54-9CE8-7BFD5AD735CE} for 60.70.80.1 with error: 0x43","4205","0",,"2","3","21","4611686018427387906","44","Microsoft-Windows-NlaSvc","63b530f8-29c9-4880-a5b4-b8179096e7b8","Microsoft-Windows-NlaSvc/Operational","1520","3636","rjaf-PC4429","S-1-5-20","8/16/2015 5:20:18 AM",,,"c:\users\mac_1\desktop\winevt\logs\microsoft-windows-nlasvc%4operational.evtx","System.UInt32[]","System.Diagnostics.Eventing.Reader.EventBookmark","Error",,"Gateway Resolution","System.Collections.ObjectModel.ReadOnlyCollection`1[System.String]","System.Collections.Generic.List`1[System.Diagnostics.Eventing.Reader.EventProperty]"
"Gateway resolution failed on interface {9819BC20-693D-4F54-9CE8-7BFD5AD735CE} for 60.70.80.1 with error: 0x43","4205","0",,"2","3","21","4611686018427387906","43","Microsoft-Windows-NlaSvc","63b530f8-29c9-4880-a5b4-b8179096e7b8","Microsoft-Windows-NlaSvc/Operational","1520","3636","rjaf-PC4429","S-1-5-20","8/16/2015 5:20:15 AM",,,"c:\users\mac_1\desktop\winevt\logs\microsoft-windows-nlasvc%4operational.evtx","System.UInt32[]","System.Diagnostics.Eventing.Reader.EventBookmark","Error",,"Gateway Resolution","System.Collections.ObjectModel.ReadOnlyCollection`1[System.String]","System.Collections.Generic.List`1[System.Diagnostics.Eventing.Reader.EventProperty]"
"Gateway resolution failed on interface {9819BC20-693D-4F54-9CE8-7BFD5AD735CE} for 60.70.80.1 with error: 0x43","4205","0",,"2","3","21","4611686018427387906","42","Microsoft-Windows-NlaSvc","63b530f8-29c9-4880-a5b4-b8179096e7b8","Microsoft-Windows-NlaSvc/Operational","1520","3636","rjaf-PC4429","S-1-5-20","8/16/2015 5:20:11 AM",,,"c:\users\mac_1\desktop\winevt\logs\microsoft-windows-nlasvc%4operational.evtx","System.UInt32[]","System.Diagnostics.Eventing.Reader.EventBookmark","Error",,"Gateway Resolution","System.Collections.ObjectModel.ReadOnlyCollection`1[System.String]","System.Collections.Generic.List`1[System.Diagnostics.Eventing.Reader.EventProperty]"
"Gateway resolution failed on interface {9819BC20-693D-4F54-9CE8-7BFD5AD735CE} for 60.70.80.1 with error: 0x43","4205","0",,"2","3","21","4611686018427387906","41","Microsoft-Windows-NlaSvc","63b530f8-29c9-4880-a5b4-b8179096e7b8","Microsoft-Windows-NlaSvc/Operational","1520","3636","rjaf-PC4429","S-1-5-20","8/16/2015 5:20:08 AM",,,"c:\users\mac_1\desktop\winevt\logs\microsoft-windows-nlasvc%4operational.evtx","System.UInt32[]","System.Diagnostics.Eventing.Reader.EventBookmark","Error",,"Gateway Resolution","System.Collections.ObjectModel.ReadOnlyCollection`1[System.String]","System.Collections.Generic.List`1[System.Diagnostics.Eventing.Reader.EventProperty]"
"Gateway resolution failed on interface {9819BC20-693D-4F54-9CE8-7BFD5AD735CE} for 60.70.80.1 with error: 0x43","4205","0",,"2","3","21","4611686018427387906","40","Microsoft-Windows-NlaSvc","63b530f8-29c9-4880-a5b4-b8179096e7b8","Microsoft-Windows-NlaSvc/Operational","1520","3636","rjaf-PC4429","S-1-5-20","8/16/2015 5:20:05 AM",,,"c:\users\mac_1\desktop\winevt\logs\microsoft-windows-nlasvc%4operational.evtx","System.UInt32[]","System.Diagnostics.Eventing.Reader.EventBookmark","Error",,"Gateway Resolution","System.Collections.ObjectModel.ReadOnlyCollection`1[System.String]","System.Collections.Generic.List`1[System.Diagnostics.Eventing.Reader.EventProperty]"
"Gateway resolution failed on interface {9819BC20-693D-4F54-9CE8-7BFD5AD735CE} for 60.70.80.1 with error: 0x43","4205","0",,"2","3","21","4611686018427387906","39","Microsoft-Windows-NlaSvc","63b530f8-29c9-4880-a5b4-b8179096e7b8","Microsoft-Windows-NlaSvc/Operational","1520","3708","rjaf-PC4429","S-1-5-20","8/16/2015 5:09:44 AM",,,"c:\users\mac_1\desktop\winevt\logs\microsoft-windows-nlasvc%4operational.evtx","System.UInt32[]","System.Diagnostics.Eventing.Reader.EventBookmark","Error",,"Gateway Resolution","System.Collections.ObjectModel.ReadOnlyCollection`1[System.String]","System.Collections.Generic.List`1[System.Diagnostics.Eventing.Reader.EventProperty]"
"Gateway resolution failed on interface {9819BC20-693D-4F54-9CE8-7BFD5AD735CE} for 60.70.80.1 with error: 0x43","4205","0",,"2","3","21","4611686018427387906","38","Microsoft-Windows-NlaSvc","63b530f8-29c9-4880-a5b4-b8179096e7b8","Microsoft-Windows-NlaSvc/Operational","1520","3708","rjaf-PC4429","S-1-5-20","8/16/2015 5:09:40 AM",,,"c:\users\mac_1\desktop\winevt\logs\microsoft-windows-nlasvc%4operational.evtx","System.UInt32[]","System.Diagnostics.Eventing.Reader.EventBookmark","Error",,"Gateway Resolution","System.Collections.ObjectModel.ReadOnlyCollection`1[System.String]","System.Collections.Generic.List`1[System.Diagnostics.Eventing.Reader.EventProperty]"
"Gateway resolution failed on interface {9819BC20-693D-4F54-9CE8-7BFD5AD735CE} for 60.70.80.1 with error: 0x43","4205","0",,"2","3","21","4611686018427387906","37","Microsoft-Windows-NlaSvc","63b530f8-29c9-4880-a5b4-b8179096e7b8","Microsoft-Windows-NlaSvc/Operational","1520","3708","rjaf-PC4429","S-1-5-20","8/16/2015 5:09:37 AM",,,"c:\users\mac_1\desktop\winevt\logs\microsoft-windows-nlasvc%4operational.evtx","System.UInt32[]","System.Diagnostics.Eventing.Reader.EventBookmark","Error",,"Gateway Resolution","System.Collections.ObjectModel.ReadOnlyCollection`1[System.String]","System.Collections.Generic.List`1[System.Diagnostics.Eventing.Reader.EventProperty]"
"Gateway resolution failed on interface {9819BC20-693D-4F54-9CE8-7BFD5AD735CE} for 60.70.80.1 with error: 0x43","4205","0",,"2","3","21","4611686018427387906","36","Microsoft-Windows-NlaSvc","63b530f8-29c9-4880-a5b4-b8179096e7b8","Microsoft-Windows-NlaSvc/Operational","1520","3708","rjaf-PC4429","S-1-5-20","8/16/2015 5:09:34 AM",,,"c:\users\mac_1\desktop\winevt\logs\microsoft-windows-nlasvc%4operational.evtx","System.UInt32[]","System.Diagnostics.Eventing.Reader.EventBookmark","Error",,"Gateway Resolution","System.Collections.ObjectModel.ReadOnlyCollection`1[System.String]","System.Collections.Generic.List`1[System.Diagnostics.Eventing.Reader.EventProperty]"
"Gateway resolution failed on interface {9819BC20-693D-4F54-9CE8-7BFD5AD735CE} for 60.70.80.1 with error: 0x43","4205","0",,"2","3","21","4611686018427387906","35","Microsoft-Windows-NlaSvc","63b530f8-29c9-4880-a5b4-b8179096e7b8","Microsoft-Windows-NlaSvc/Operational","1520","3708","rjaf-PC4429","S-1-5-20","8/16/2015 5:09:31 AM",,,"c:\users\mac_1\desktop\winevt\logs\microsoft-windows-nlasvc%4operational.evtx","System.UInt32[]","System.Diagnostics.Eventing.Reader.EventBookmark","Error",,"Gateway Resolution","System.Collections.ObjectModel.ReadOnlyCollection`1[System.String]","System.Collections.Generic.List`1[System.Diagnostics.Eventing.Reader.EventProperty]"
"Gateway resolution failed on interface {9819BC20-693D-4F54-9CE8-7BFD5AD735CE} for 60.70.80.1 with error: 0x43","4205","0",,"2","3","21","4611686018427387906","34","Microsoft-Windows-NlaSvc","63b530f8-29c9-4880-a5b4-b8179096e7b8","Microsoft-Windows-NlaSvc/Operational","1520","3708","rjaf-PC4429","S-1-5-20","8/16/2015 5:09:28 AM",,,"c:\users\mac_1\desktop\winevt\logs\microsoft-windows-nlasvc%4operational.evtx","System.UInt32[]","System.Diagnostics.Eventing.Reader.EventBookmark","Error",,"Gateway Resolution","System.Collections.ObjectModel.ReadOnlyCollection`1[System.String]","System.Collections.Generic.List`1[System.Diagnostics.Eventing.Reader.EventProperty]"
"Gateway resolution failed on interface {9819BC20-693D-4F54-9CE8-7BFD5AD735CE} for 60.70.80.1 with error: 0x43","4205","0",,"2","3","21","4611686018427387906","33","Microsoft-Windows-NlaSvc","63b530f8-29c9-4880-a5b4-b8179096e7b8","Microsoft-Windows-NlaSvc/Operational","1520","2900","rjaf-PC4429","S-1-5-20","8/16/2015 5:03:57 AM",,,"c:\users\mac_1\desktop\winevt\logs\microsoft-windows-nlasvc%4operational.evtx","System.UInt32[]","System.Diagnostics.Eventing.Reader.EventBookmark","Error",,"Gateway Resolution","System.Collections.ObjectModel.ReadOnlyCollection`1[System.String]","System.Collections.Generic.List`1[System.Diagnostics.Eventing.Reader.EventProperty]"
"Gateway resolution failed on interface {9819BC20-693D-4F54-9CE8-7BFD5AD735CE} for 60.70.80.1 with error: 0x43","4205","0",,"2","3","21","4611686018427387906","32","Microsoft-Windows-NlaSvc","63b530f8-29c9-4880-a5b4-b8179096e7b8","Microsoft-Windows-NlaSvc/Operational","1520","2900","rjaf-PC4429","S-1-5-20","8/16/2015 5:03:54 AM",,,"c:\users\mac_1\desktop\winevt\logs\microsoft-windows-nlasvc%4operational.evtx","System.UInt32[]","System.Diagnostics.Eventing.Reader.EventBookmark","Error",,"Gateway Resolution","System.Collections.ObjectModel.ReadOnlyCollection`1[System.String]","System.Collections.Generic.List`1[System.Diagnostics.Eventing.Reader.EventProperty]"
"Gateway resolution failed on interface {9819BC20-693D-4F54-9CE8-7BFD5AD735CE} for 60.70.80.1 with error: 0x43","4205","0",,"2","3","21","4611686018427387906","31","Microsoft-Windows-NlaSvc","63b530f8-29c9-4880-a5b4-b8179096e7b8","Microsoft-Windows-NlaSvc/Operational","1520","2900","rjaf-PC4429","S-1-5-20","8/16/2015 5:03:51 AM",,,"c:\users\mac_1\desktop\winevt\logs\microsoft-windows-nlasvc%4operational.evtx","System.UInt32[]","System.Diagnostics.Eventing.Reader.EventBookmark","Error",,"Gateway Resolution","System.Collections.ObjectModel.ReadOnlyCollection`1[System.String]","System.Collections.Generic.List`1[System.Diagnostics.Eventing.Reader.EventProperty]"
"Gateway resolution failed on interface {9819BC20-693D-4F54-9CE8-7BFD5AD735CE} for 60.70.80.1 with error: 0x43","4205","0",,"2","3","21","4611686018427387906","30","Microsoft-Windows-NlaSvc","63b530f8-29c9-4880-a5b4-b8179096e7b8","Microsoft-Windows-NlaSvc/Operational","1520","2900","rjaf-PC4429","S-1-5-20","8/16/2015 5:03:48 AM",,,"c:\users\mac_1\desktop\winevt\logs\microsoft-windows-nlasvc%4operational.evtx","System.UInt32[]","System.Diagnostics.Eventing.Reader.EventBookmark","Error",,"Gateway Resolution","System.Collections.ObjectModel.ReadOnlyCollection`1[System.String]","System.Collections.Generic.List`1[System.Diagnostics.Eventing.Reader.EventProperty]"
"Gateway resolution failed on interface {9819BC20-693D-4F54-9CE8-7BFD5AD735CE} for 60.70.80.1 with error: 0x43","4205","0",,"2","3","21","4611686018427387906","29","Microsoft-Windows-NlaSvc","63b530f8-29c9-4880-a5b4-b8179096e7b8","Microsoft-Windows-NlaSvc/Operational","1520","2900","rjaf-PC4429","S-1-5-20","8/16/2015 5:03:45 AM",,,"c:\users\mac_1\desktop\winevt\logs\microsoft-windows-nlasvc%4operational.evtx","System.UInt32[]","System.Diagnostics.Eventing.Reader.EventBookmark","Error",,"Gateway Resolution","System.Collections.ObjectModel.ReadOnlyCollection`1[System.String]","System.Collections.Generic.List`1[System.Diagnostics.Eventing.Reader.EventProperty]"
"Gateway resolution failed on interface {9819BC20-693D-4F54-9CE8-7BFD5AD735CE} for 60.70.80.1 with error: 0x43","4205","0",,"2","3","21","4611686018427387906","28","Microsoft-Windows-NlaSvc","63b530f8-29c9-4880-a5b4-b8179096e7b8","Microsoft-Windows-NlaSvc/Operational","1520","2900","rjaf-PC4429","S-1-5-20","8/16/2015 5:03:41 AM",,,"c:\users\mac_1\desktop\winevt\logs\microsoft-windows-nlasvc%4operational.evtx","System.UInt32[]","System.Diagnostics.Eventing.Reader.EventBookmark","Error",,"Gateway Resolution","System.Collections.ObjectModel.ReadOnlyCollection`1[System.String]","System.Collections.Generic.List`1[System.Diagnostics.Eventing.Reader.EventProperty]"
"Gateway resolution failed on interface {9819BC20-693D-4F54-9CE8-7BFD5AD735CE} for 60.70.80.1 with error: 0x43","4205","0",,"2","3","21","4611686018427387906","27","Microsoft-Windows-NlaSvc","63b530f8-29c9-4880-a5b4-b8179096e7b8","Microsoft-Windows-NlaSvc/Operational","1520","2900","rjaf-PC4429","S-1-5-20","8/16/2015 5:03:38 AM",,,"c:\users\mac_1\desktop\winevt\logs\microsoft-windows-nlasvc%4operational.evtx","System.UInt32[]","System.Diagnostics.Eventing.Reader.EventBookmark","Error",,"Gateway Resolution","System.Collections.ObjectModel.ReadOnlyCollection`1[System.String]","System.Collections.Generic.List`1[System.Diagnostics.Eventing.Reader.EventProperty]"
"Gateway resolution failed on interface {9819BC20-693D-4F54-9CE8-7BFD5AD735CE} for 60.70.80.1 with error: 0x43","4205","0",,"2","3","21","4611686018427387906","26","Microsoft-Windows-NlaSvc","63b530f8-29c9-4880-a5b4-b8179096e7b8","Microsoft-Windows-NlaSvc/Operational","1520","2900","rjaf-PC4429","S-1-5-20","8/16/2015 5:03:35 AM",,,"c:\users\mac_1\desktop\winevt\logs\microsoft-windows-nlasvc%4operational.evtx","System.UInt32[]","System.Diagnostics.Eventing.Reader.EventBookmark","Error",,"Gateway Resolution","System.Collections.ObjectModel.ReadOnlyCollection`1[System.String]","System.Collections.Generic.List`1[System.Diagnostics.Eventing.Reader.EventProperty]"
"Gateway resolution failed on interface {9819BC20-693D-4F54-9CE8-7BFD5AD735CE} for 60.70.9.1 with error: 0x43","4205","0",,"2","3","21","4611686018427387906","25","Microsoft-Windows-NlaSvc","63b530f8-29c9-4880-a5b4-b8179096e7b8","Microsoft-Windows-NlaSvc/Operational","1520","1676","rjaf-PC4429","S-1-5-20","8/16/2015 4:41:57 AM",,,"c:\users\mac_1\desktop\winevt\logs\microsoft-windows-nlasvc%4operational.evtx","System.UInt32[]","System.Diagnostics.Eventing.Reader.EventBookmark","Error",,"Gateway Resolution","System.Collections.ObjectModel.ReadOnlyCollection`1[System.String]","System.Collections.Generic.List`1[System.Diagnostics.Eventing.Reader.EventProperty]"
"Gateway resolution failed on interface {9819BC20-693D-4F54-9CE8-7BFD5AD735CE} for 60.70.9.1 with error: 0x43","4205","0",,"2","3","21","4611686018427387906","24","Microsoft-Windows-NlaSvc","63b530f8-29c9-4880-a5b4-b8179096e7b8","Microsoft-Windows-NlaSvc/Operational","1520","1676","rjaf-PC4429","S-1-5-20","8/16/2015 4:41:54 AM",,,"c:\users\mac_1\desktop\winevt\logs\microsoft-windows-nlasvc%4operational.evtx","System.UInt32[]","System.Diagnostics.Eventing.Reader.EventBookmark","Error",,"Gateway Resolution","System.Collections.ObjectModel.ReadOnlyCollection`1[System.String]","System.Collections.Generic.List`1[System.Diagnostics.Eventing.Reader.EventProperty]"
"Gateway resolution failed on interface {9819BC20-693D-4F54-9CE8-7BFD5AD735CE} for 60.70.9.1 with error: 0x43","4205","0",,"2","3","21","4611686018427387906","23","Microsoft-Windows-NlaSvc","63b530f8-29c9-4880-a5b4-b8179096e7b8","Microsoft-Windows-NlaSvc/Operational","1520","1676","rjaf-PC4429","S-1-5-20","8/16/2015 4:41:51 AM",,,"c:\users\mac_1\desktop\winevt\logs\microsoft-windows-nlasvc%4operational.evtx","System.UInt32[]","System.Diagnostics.Eventing.Reader.EventBookmark","Error",,"Gateway Resolution","System.Collections.ObjectModel.ReadOnlyCollection`1[System.String]","System.Collections.Generic.List`1[System.Diagnostics.Eventing.Reader.EventProperty]"
"Gateway resolution failed on interface {9819BC20-693D-4F54-9CE8-7BFD5AD735CE} for 60.70.9.1 with error: 0x43","4205","0",,"2","3","21","4611686018427387906","22","Microsoft-Windows-NlaSvc","63b530f8-29c9-4880-a5b4-b8179096e7b8","Microsoft-Windows-NlaSvc/Operational","1520","1676","rjaf-PC4429","S-1-5-20","8/16/2015 4:41:47 AM",,,"c:\users\mac_1\desktop\winevt\logs\microsoft-windows-nlasvc%4operational.evtx","System.UInt32[]","System.Diagnostics.Eventing.Reader.EventBookmark","Error",,"Gateway Resolution","System.Collections.ObjectModel.ReadOnlyCollection`1[System.String]","System.Collections.Generic.List`1[System.Diagnostics.Eventing.Reader.EventProperty]"
"Gateway resolution failed on interface {9819BC20-693D-4F54-9CE8-7BFD5AD735CE} for 60.70.9.1 with error: 0x43","4205","0",,"2","3","21","4611686018427387906","21","Microsoft-Windows-NlaSvc","63b530f8-29c9-4880-a5b4-b8179096e7b8","Microsoft-Windows-NlaSvc/Operational","1520","1676","rjaf-PC4429","S-1-5-20","8/16/2015 4:41:44 AM",,,"c:\users\mac_1\desktop\winevt\logs\microsoft-windows-nlasvc%4operational.evtx","System.UInt32[]","System.Diagnostics.Eventing.Reader.EventBookmark","Error",,"Gateway Resolution","System.Collections.ObjectModel.ReadOnlyCollection`1[System.String]","System.Collections.Generic.List`1[System.Diagnostics.Eventing.Reader.EventProperty]"
"Gateway resolution failed on interface {9819BC20-693D-4F54-9CE8-7BFD5AD735CE} for 60.70.9.1 with error: 0x43","4205","0",,"2","3","21","4611686018427387906","20","Microsoft-Windows-NlaSvc","63b530f8-29c9-4880-a5b4-b8179096e7b8","Microsoft-Windows-NlaSvc/Operational","1520","1676","rjaf-PC4429","S-1-5-20","8/16/2015 4:41:41 AM",,,"c:\users\mac_1\desktop\winevt\logs\microsoft-windows-nlasvc%4operational.evtx","System.UInt32[]","System.Diagnostics.Eventing.Reader.EventBookmark","Error",,"Gateway Resolution","System.Collections.ObjectModel.ReadOnlyCollection`1[System.String]","System.Collections.Generic.List`1[System.Diagnostics.Eventing.Reader.EventProperty]"
"Gateway resolution failed on interface {9819BC20-693D-4F54-9CE8-7BFD5AD735CE} for 60.70.9.1 with error: 0x43","4205","0",,"2","3","21","4611686018427387906","19","Microsoft-Windows-NlaSvc","63b530f8-29c9-4880-a5b4-b8179096e7b8","Microsoft-Windows-NlaSvc/Operational","1520","2916","rjaf-PC4429","S-1-5-20","8/16/2015 4:39:23 AM",,,"c:\users\mac_1\desktop\winevt\logs\microsoft-windows-nlasvc%4operational.evtx","System.UInt32[]","System.Diagnostics.Eventing.Reader.EventBookmark","Error",,"Gateway Resolution","System.Collections.ObjectModel.ReadOnlyCollection`1[System.String]","System.Collections.Generic.List`1[System.Diagnostics.Eventing.Reader.EventProperty]"
"Gateway resolution failed on interface {9819BC20-693D-4F54-9CE8-7BFD5AD735CE} for 60.70.9.1 with error: 0x43","4205","0",,"2","3","21","4611686018427387906","18","Microsoft-Windows-NlaSvc","63b530f8-29c9-4880-a5b4-b8179096e7b8","Microsoft-Windows-NlaSvc/Operational","1520","2916","rjaf-PC4429","S-1-5-20","8/16/2015 4:39:20 AM",,,"c:\users\mac_1\desktop\winevt\logs\microsoft-windows-nlasvc%4operational.evtx","System.UInt32[]","System.Diagnostics.Eventing.Reader.EventBookmark","Error",,"Gateway Resolution","System.Collections.ObjectModel.ReadOnlyCollection`1[System.String]","System.Collections.Generic.List`1[System.Diagnostics.Eventing.Reader.EventProperty]"
"Gateway resolution failed on interface {9819BC20-693D-4F54-9CE8-7BFD5AD735CE} for 60.70.9.1 with error: 0x43","4205","0",,"2","3","21","4611686018427387906","17","Microsoft-Windows-NlaSvc","63b530f8-29c9-4880-a5b4-b8179096e7b8","Microsoft-Windows-NlaSvc/Operational","1520","2916","rjaf-PC4429","S-1-5-20","8/16/2015 4:39:17 AM",,,"c:\users\mac_1\desktop\winevt\logs\microsoft-windows-nlasvc%4operational.evtx","System.UInt32[]","System.Diagnostics.Eventing.Reader.EventBookmark","Error",,"Gateway Resolution","System.Collections.ObjectModel.ReadOnlyCollection`1[System.String]","System.Collections.Generic.List`1[System.Diagnostics.Eventing.Reader.EventProperty]"
"Gateway resolution failed on interface {9819BC20-693D-4F54-9CE8-7BFD5AD735CE} for 60.70.9.1 with error: 0x43","4205","0",,"2","3","21","4611686018427387906","16","Microsoft-Windows-NlaSvc","63b530f8-29c9-4880-a5b4-b8179096e7b8","Microsoft-Windows-NlaSvc/Operational","1520","2916","rjaf-PC4429","S-1-5-20","8/16/2015 4:39:14 AM",,,"c:\users\mac_1\desktop\winevt\logs\microsoft-windows-nlasvc%4operational.evtx","System.UInt32[]","System.Diagnostics.Eventing.Reader.EventBookmark","Error",,"Gateway Resolution","System.Collections.ObjectModel.ReadOnlyCollection`1[System.String]","System.Collections.Generic.List`1[System.Diagnostics.Eventing.Reader.EventProperty]"
"Gateway resolution failed on interface {9819BC20-693D-4F54-9CE8-7BFD5AD735CE} for 60.70.9.1 with error: 0x43","4205","0",,"2","3","21","4611686018427387906","15","Microsoft-Windows-NlaSvc","63b530f8-29c9-4880-a5b4-b8179096e7b8","Microsoft-Windows-NlaSvc/Operational","1520","2916","rjaf-PC4429","S-1-5-20","8/16/2015 4:39:11 AM",,,"c:\users\mac_1\desktop\winevt\logs\microsoft-windows-nlasvc%4operational.evtx","System.UInt32[]","System.Diagnostics.Eventing.Reader.EventBookmark","Error",,"Gateway Resolution","System.Collections.ObjectModel.ReadOnlyCollection`1[System.String]","System.Collections.Generic.List`1[System.Diagnostics.Eventing.Reader.EventProperty]"
"Gateway resolution failed on interface {9819BC20-693D-4F54-9CE8-7BFD5AD735CE} for 60.70.9.1 with error: 0x43","4205","0",,"2","3","21","4611686018427387906","14","Microsoft-Windows-NlaSvc","63b530f8-29c9-4880-a5b4-b8179096e7b8","Microsoft-Windows-NlaSvc/Operational","1520","2916","rjaf-PC4429","S-1-5-20","8/16/2015 4:39:07 AM",,,"c:\users\mac_1\desktop\winevt\logs\microsoft-windows-nlasvc%4operational.evtx","System.UInt32[]","System.Diagnostics.Eventing.Reader.EventBookmark","Error",,"Gateway Resolution","System.Collections.ObjectModel.ReadOnlyCollection`1[System.String]","System.Collections.Generic.List`1[System.Diagnostics.Eventing.Reader.EventProperty]"
"Gateway resolution failed on interface {9819BC20-693D-4F54-9CE8-7BFD5AD735CE} for 60.70.9.1 with error: 0x43","4205","0",,"2","3","21","4611686018427387906","13","Microsoft-Windows-NlaSvc","63b530f8-29c9-4880-a5b4-b8179096e7b8","Microsoft-Windows-NlaSvc/Operational","1520","1224","rjaf-PC4429","S-1-5-20","8/16/2015 4:15:59 AM",,,"c:\users\mac_1\desktop\winevt\logs\microsoft-windows-nlasvc%4operational.evtx","System.UInt32[]","System.Diagnostics.Eventing.Reader.EventBookmark","Error",,"Gateway Resolution","System.Collections.ObjectModel.ReadOnlyCollection`1[System.String]","System.Collections.Generic.List`1[System.Diagnostics.Eventing.Reader.EventProperty]"
"Gateway resolution failed on interface {9819BC20-693D-4F54-9CE8-7BFD5AD735CE} for 60.70.9.1 with error: 0x43","4205","0",,"2","3","21","4611686018427387906","12","Microsoft-Windows-NlaSvc","63b530f8-29c9-4880-a5b4-b8179096e7b8","Microsoft-Windows-NlaSvc/Operational","1520","1224","rjaf-PC4429","S-1-5-20","8/16/2015 4:15:56 AM",,,"c:\users\mac_1\desktop\winevt\logs\microsoft-windows-nlasvc%4operational.evtx","System.UInt32[]","System.Diagnostics.Eventing.Reader.EventBookmark","Error",,"Gateway Resolution","System.Collections.ObjectModel.ReadOnlyCollection`1[System.String]","System.Collections.Generic.List`1[System.Diagnostics.Eventing.Reader.EventProperty]"
"Gateway resolution failed on interface {9819BC20-693D-4F54-9CE8-7BFD5AD735CE} for 60.70.9.1 with error: 0x43","4205","0",,"2","3","21","4611686018427387906","11","Microsoft-Windows-NlaSvc","63b530f8-29c9-4880-a5b4-b8179096e7b8","Microsoft-Windows-NlaSvc/Operational","1520","1224","rjaf-PC4429","S-1-5-20","8/16/2015 4:15:53 AM",,,"c:\users\mac_1\desktop\winevt\logs\microsoft-windows-nlasvc%4operational.evtx","System.UInt32[]","System.Diagnostics.Eventing.Reader.EventBookmark","Error",,"Gateway Resolution","System.Collections.ObjectModel.ReadOnlyCollection`1[System.String]","System.Collections.Generic.List`1[System.Diagnostics.Eventing.Reader.EventProperty]"
"Gateway resolution failed on interface {9819BC20-693D-4F54-9CE8-7BFD5AD735CE} for 60.70.9.1 with error: 0x43","4205","0",,"2","3","21","4611686018427387906","10","Microsoft-Windows-NlaSvc","63b530f8-29c9-4880-a5b4-b8179096e7b8","Microsoft-Windows-NlaSvc/Operational","1520","1224","rjaf-PC4429","S-1-5-20","8/16/2015 4:15:50 AM",,,"c:\users\mac_1\desktop\winevt\logs\microsoft-windows-nlasvc%4operational.evtx","System.UInt32[]","System.Diagnostics.Eventing.Reader.EventBookmark","Error",,"Gateway Resolution","System.Collections.ObjectModel.ReadOnlyCollection`1[System.String]","System.Collections.Generic.List`1[System.Diagnostics.Eventing.Reader.EventProperty]"
"Gateway resolution failed on interface {9819BC20-693D-4F54-9CE8-7BFD5AD735CE} for 60.70.9.1 with error: 0x43","4205","0",,"2","3","21","4611686018427387906","9","Microsoft-Windows-NlaSvc","63b530f8-29c9-4880-a5b4-b8179096e7b8","Microsoft-Windows-NlaSvc/Operational","1520","1224","rjaf-PC4429","S-1-5-20","8/16/2015 4:15:47 AM",,,"c:\users\mac_1\desktop\winevt\logs\microsoft-windows-nlasvc%4operational.evtx","System.UInt32[]","System.Diagnostics.Eventing.Reader.EventBookmark","Error",,"Gateway Resolution","System.Collections.ObjectModel.ReadOnlyCollection`1[System.String]","System.Collections.Generic.List`1[System.Diagnostics.Eventing.Reader.EventProperty]"
"Gateway resolution failed on interface {9819BC20-693D-4F54-9CE8-7BFD5AD735CE} for 60.70.9.1 with error: 0x43","4205","0",,"2","3","21","4611686018427387906","8","Microsoft-Windows-NlaSvc","63b530f8-29c9-4880-a5b4-b8179096e7b8","Microsoft-Windows-NlaSvc/Operational","1520","1224","rjaf-PC4429","S-1-5-20","8/16/2015 4:15:44 AM",,,"c:\users\mac_1\desktop\winevt\logs\microsoft-windows-nlasvc%4operational.evtx","System.UInt32[]","System.Diagnostics.Eventing.Reader.EventBookmark","Error",,"Gateway Resolution","System.Collections.ObjectModel.ReadOnlyCollection`1[System.String]","System.Collections.Generic.List`1[System.Diagnostics.Eventing.Reader.EventProperty]"
"Gateway resolution failed on interface {9819BC20-693D-4F54-9CE8-7BFD5AD735CE} for 60.70.9.1 with error: 0x43","4205","0",,"2","3","21","4611686018427387906","7","Microsoft-Windows-NlaSvc","63b530f8-29c9-4880-a5b4-b8179096e7b8","Microsoft-Windows-NlaSvc/Operational","1520","1224","rjaf-PC4429","S-1-5-20","8/16/2015 4:15:40 AM",,,"c:\users\mac_1\desktop\winevt\logs\microsoft-windows-nlasvc%4operational.evtx","System.UInt32[]","System.Diagnostics.Eventing.Reader.EventBookmark","Error",,"Gateway Resolution","System.Collections.ObjectModel.ReadOnlyCollection`1[System.String]","System.Collections.Generic.List`1[System.Diagnostics.Eventing.Reader.EventProperty]"
"Gateway resolution failed on interface {9819BC20-693D-4F54-9CE8-7BFD5AD735CE} for 60.70.9.1 with error: 0x43","4205","0",,"2","3","21","4611686018427387906","6","Microsoft-Windows-NlaSvc","63b530f8-29c9-4880-a5b4-b8179096e7b8","Microsoft-Windows-NlaSvc/Operational","1520","1224","rjaf-PC4429","S-1-5-20","8/16/2015 4:15:37 AM",,,"c:\users\mac_1\desktop\winevt\logs\microsoft-windows-nlasvc%4operational.evtx","System.UInt32[]","System.Diagnostics.Eventing.Reader.EventBookmark","Error",,"Gateway Resolution","System.Collections.ObjectModel.ReadOnlyCollection`1[System.String]","System.Collections.Generic.List`1[System.Diagnostics.Eventing.Reader.EventProperty]"
"Gateway resolution failed on interface {9819BC20-693D-4F54-9CE8-7BFD5AD735CE} for 192.168.1.1 with error: 0x43","4205","0",,"2","3","21","4611686018427387906","5","Microsoft-Windows-NlaSvc","63b530f8-29c9-4880-a5b4-b8179096e7b8","Microsoft-Windows-NlaSvc/Operational","1204","1232","rjaf-PC4429","S-1-5-20","4/15/2015 1:49:05 AM",,,"c:\users\mac_1\desktop\winevt\logs\microsoft-windows-nlasvc%4operational.evtx","System.UInt32[]","System.Diagnostics.Eventing.Reader.EventBookmark","Error",,"Gateway Resolution","System.Collections.ObjectModel.ReadOnlyCollection`1[System.String]","System.Collections.Generic.List`1[System.Diagnostics.Eventing.Reader.EventProperty]"
"Gateway resolution failed on interface {9819BC20-693D-4F54-9CE8-7BFD5AD735CE} for 192.168.1.1 with error: 0x43","4205","0",,"2","3","21","4611686018427387906","4","Microsoft-Windows-NlaSvc","63b530f8-29c9-4880-a5b4-b8179096e7b8","Microsoft-Windows-NlaSvc/Operational","1204","3052","rjaf-PC4429","S-1-5-20","4/10/2015 8:23:30 PM",,,"c:\users\mac_1\desktop\winevt\logs\microsoft-windows-nlasvc%4operational.evtx","System.UInt32[]","System.Diagnostics.Eventing.Reader.EventBookmark","Error",,"Gateway Resolution","System.Collections.ObjectModel.ReadOnlyCollection`1[System.String]","System.Collections.Generic.List`1[System.Diagnostics.Eventing.Reader.EventProperty]"
"Gateway resolution failed on interface {9819BC20-693D-4F54-9CE8-7BFD5AD735CE} for 192.168.1.1 with error: 0x43","4205","0",,"2","3","21","4611686018427387906","3","Microsoft-Windows-NlaSvc","63b530f8-29c9-4880-a5b4-b8179096e7b8","Microsoft-Windows-NlaSvc/Operational","1204","3052","rjaf-PC4429","S-1-5-20","4/10/2015 8:23:27 PM",,,"c:\users\mac_1\desktop\winevt\logs\microsoft-windows-nlasvc%4operational.evtx","System.UInt32[]","System.Diagnostics.Eventing.Reader.EventBookmark","Error",,"Gateway Resolution","System.Collections.ObjectModel.ReadOnlyCollection`1[System.String]","System.Collections.Generic.List`1[System.Diagnostics.Eventing.Reader.EventProperty]"
"Gateway resolution failed on interface {9819BC20-693D-4F54-9CE8-7BFD5AD735CE} for 192.168.1.1 with error: 0x43","4205","0",,"2","3","21","4611686018427387906","2","Microsoft-Windows-NlaSvc","63b530f8-29c9-4880-a5b4-b8179096e7b8","Microsoft-Windows-NlaSvc/Operational","1208","9532","rjaf-PC4429","S-1-5-20","4/8/2015 2:26:22 PM",,,"c:\users\mac_1\desktop\winevt\logs\microsoft-windows-nlasvc%4operational.evtx","System.UInt32[]","System.Diagnostics.Eventing.Reader.EventBookmark","Error",,"Gateway Resolution","System.Collections.ObjectModel.ReadOnlyCollection`1[System.String]","System.Collections.Generic.List`1[System.Diagnostics.Eventing.Reader.EventProperty]"
"Gateway resolution failed on interface {9819BC20-693D-4F54-9CE8-7BFD5AD735CE} for 192.168.1.1 with error: 0x43","4205","0",,"2","3","21","4611686018427387906","1","Microsoft-Windows-NlaSvc","63b530f8-29c9-4880-a5b4-b8179096e7b8","Microsoft-Windows-NlaSvc/Operational","1200","1920","rjaf-PC4429","S-1-5-20","4/7/2015 4:46:04 AM",,,"c:\users\mac_1\desktop\winevt\logs\microsoft-windows-nlasvc%4operational.evtx","System.UInt32[]","System.Diagnostics.Eventing.Reader.EventBookmark","Error",,"Gateway Resolution","System.Collections.ObjectModel.ReadOnlyCollection`1[System.String]","System.Collections.Generic.List`1[System.Diagnostics.Eventing.Reader.EventProperty]"
